Country Name,1990,1991,1992,1993,1994,1995,1996,1997,1998,1999,2000,2001,2002,2003,2004,2005,2006,2007,2008,2009,2010,2011,2012,2013,2014,2015,2016,2017,2018,2019,2020,2021,2022,2023,2024,2025
Brunei,78.36812144,78.06451613,77.76091082,77.4573055,77.15370019,76.85009488,76.54648956,76.24288425,75.93927894,75.63567362,75.33206831,75.00948767,74.68690702,74.36432638,74.04174573,73.71916509,73.39658444,73.0740038,72.75142315,72.4288425,72.10626186,72.10626186,72.10626186,72.10626186,72.10626186,72.10626186,72.10626186,72.10626186,72.10626186,72.10626186,72.10626186,72.10626186,72.10626186,72.10626186,,
Bhutan,53.65066455,53.86315091,54.07563727,54.28812362,63.98070352,64.23015075,64.47959799,64.72904523,64.97849246,65.2279397,65.47738693,65.7268593,65.97633166,66.22580402,69.41039431,69.67088176,69.93136921,70.19185665,70.4523441,70.71283154,70.97331899,71.02521185,71.0771047,71.12899756,71.18089042,71.23278327,71.23427013,71.28617869,71.34556896,71.39486104,71.44729942,71.49973781,71.55217619,71.60513896,,
Botswana,33.17929173,32.97055035,32.76180897,32.5530676,32.34432622,32.13558485,31.92684347,31.71810209,31.50936072,31.30061934,31.09187797,30.88313659,30.67439521,30.46565384,30.25691246,30.04817109,29.83942971,29.63068833,29.42194696,29.21320558,29.00446421,28.79572283,28.58698146,28.37824008,28.1694987,27.96075733,27.75201595,27.54327458,27.3345332,27.12579182,26.91705045,26.70830907,26.4995677,26.29082632,,
Central African Republic,37.24517641,37.19702077,37.14886513,37.10070949,37.05255385,37.00439822,36.95624258,36.90808694,36.8599313,36.81177566,36.76362002,36.71546438,36.66730874,36.6191531,36.57099746,36.52284182,36.47468619,36.42653055,36.37837491,36.33021927,36.28206363,36.23390799,36.18575235,36.13759671,36.08944107,36.04128543,35.9931298,35.94497416,35.89681852,35.84866288,35.80050724,35.7523516,35.70419596,35.65604032,,
Canada,38.84551156,38.84025859,38.83500562,38.82975264,38.82449967,38.8192467,38.81399372,38.80874075,38.80348778,38.79823481,38.79298183,38.78763071,38.78227958,38.77692846,38.77157733,38.7662262,38.76087508,38.75552395,38.75017283,38.7448217,38.73947058,38.73486407,38.73025757,38.72565107,38.72104457,38.71643807,38.71201338,38.7078876,38.70376294,38.69963717,38.69551251,39.47012793,39.46592,39.46171173,,
Central Europe and the Baltics,27.70383351,27.74414533,31.51546197,32.09601641,32.14796286,32.20194446,32.25242537,32.30728202,32.36097218,32.41407663,32.46947199,32.5934628,32.76697613,32.8893064,33.01018695,33.1388508,33.26393127,33.39143985,33.51620279,33.60994195,33.73459167,33.86417789,34.00071029,34.09942323,34.2084079,34.33997784,34.39391423,34.47108402,34.50088203,34.53188704,34.55928473,34.58928004,34.61885706,,,
Switzerland,29.18090822,29.28881957,29.39673049,29.50464096,29.612551,29.72046061,29.82934774,29.93824233,30.04714439,30.15605392,30.26497017,30.36341959,30.4618751,30.56033746,30.65880669,30.75728279,30.85576577,30.95425486,31.05225733,31.15026275,31.24827194,31.33575582,31.42324155,31.51073153,31.59822336,31.68571785,31.77326642,31.8603338,31.94740118,32.03446856,32.12153594,32.20860332,32.2956707,32.38273808,,
Channel Islands,4.191919192,4.191919192,4.191919192,4.191919192,4.191919192,4.191919192,4.191919192,4.191919192,4.191919192,4.191919192,4.191919192,4.287878788,4.383838384,4.47979798,4.575757576,4.671717172,4.767676768,4.863636364,4.95959596,5.055555556,5.151515152,5.151515152,5.151515152,5.151515152,5.151515152,5.151515152,5.151515152,5.151515152,5.151515152,5.151515152,5.151515152,5.151515152,,,,
Chile,20.50490093,20.5816979,20.65849486,20.73529182,20.81208879,20.88888575,20.96568271,21.04247968,21.11927664,21.19607361,21.27287057,21.3950173,21.51716402,21.63931075,21.76145748,21.8836042,22.00575093,22.12789766,22.25004438,22.37219111,22.49433784,22.72857658,22.96281532,23.19705406,23.48971412,23.72453689,23.87084204,24.0364519,24.20206175,24.34979749,24.51524547,24.68072039,24.84617726,25.01164611,,
China,16.73800655,16.94954715,17.16108774,17.37262834,17.58416893,17.79572849,18.00728849,18.21882953,18.43037058,18.64191163,18.85347276,19.10496812,19.3564539,19.60793869,19.85942287,20.11090813,20.36239278,20.61387789,20.86536169,21.11684505,21.36832885,21.57462737,21.78092589,21.9872244,22.19352292,22.39982144,22.6305121,22.83065675,23.03090792,23.23115908,23.43130373,23.6315549,23.83169955,24.031939,,
Cote d'Ivoire,24.68823899,23.8214434,22.9546478,22.0878522,21.2210566,20.35426101,19.48746541,18.62066981,17.75387421,16.88707862,16.02028302,15.66529245,15.31030189,14.95531132,14.60032075,14.24533019,13.89033962,13.53534906,13.18035849,12.82536792,12.47037736,12.11538994,11.76040252,11.40541509,11.05042767,10.69544025,10.34044025,9.985440252,9.630440252,9.275471698,8.920471698,8.565492767,8.210499686,7.855516038,,
Cameroon,47.597893,47.40697045,47.21604789,47.02512534,46.83420279,46.64328024,46.45235768,46.26143513,46.07051258,45.87959002,45.68866747,45.54121766,45.39376785,45.24631804,45.09886823,44.95141842,44.80396861,44.6565188,44.50906899,44.36161917,44.21416936,44.0957035,43.97723763,43.85877176,43.7403059,43.62184003,43.50337416,43.38490829,43.26644243,43.14797656,43.02951069,42.91104483,42.79257896,42.67411309,,
"Congo, Dem. Rep.",66.44273395,66.14587239,65.84901083,65.55214927,65.25528771,64.95842615,64.66156459,64.36470303,64.06784147,63.77097991,63.47411835,63.17725679,62.88039523,62.58353367,62.28667211,61.98981055,61.69294899,61.39608743,61.09922587,60.80236431,60.50550275,60.01968373,59.53386471,59.0480457,58.56222668,58.07640767,57.59058689,57.10477052,56.61895415,56.13330099,55.64720672,55.16155356,54.6754593,54.18985726,,
"Congo, Rep.",65.34407028,65.30893119,65.27379209,65.238653,65.20351391,65.16837482,65.13323572,65.09809663,65.06295754,65.02781845,64.99267936,64.95754026,64.92240117,64.88726208,64.85212299,64.81698389,64.7818448,64.74670571,64.71156662,64.67642753,64.64128843,64.60614934,64.57101025,64.53587116,64.50073206,64.46559297,64.43045388,64.39531479,64.35139092,64.30746706,64.26354319,64.21961933,64.17569546,64.1317716,,
Colombia,58.54721947,58.34689139,58.14656332,57.94623524,57.74590717,57.54557909,57.34525101,57.14492294,56.94459486,56.74426679,56.54393871,56.37019288,56.19644705,56.02270122,55.84895539,55.67520955,55.50146372,55.32771789,55.15397206,54.98022623,54.8064804,54.68514105,54.56380171,54.44246237,54.32112303,54.19978369,54.04190176,53.84386661,53.66424516,53.48463272,53.30501127,53.12539585,52.94577639,52.76615962,,
Comoros,24.75013434,24.514777,24.27941967,24.04406233,23.808705,23.57334766,23.33799033,23.10263299,22.86727566,22.63191832,22.39656099,22.16120365,21.92584632,21.69048898,21.45513165,21.21977431,20.98441698,20.74905965,20.51370231,20.27834498,20.04298764,19.80763031,19.57227297,19.33691564,19.1015583,18.86620097,18.62976894,18.39333692,18.16227834,17.92584632,17.68941429,17.45298227,17.21655024,16.98011822,,
Cabo Verde,3.816377171,4.420347395,5.024317618,5.628287841,6.232258065,6.836228288,7.440198511,8.044168734,8.648138958,9.252109181,9.856079404,9.930521092,10.00496278,10.07940447,10.15384615,10.22828784,10.30272953,10.37717122,10.4516129,10.52605459,10.60049628,10.67493797,10.74937965,10.82382134,10.89826303,10.97270471,11.0471464,11.12158809,11.19602978,11.27047146,11.34491315,11.41935484,11.49379653,11.56823821,,
Costa Rica,56.9408539,56.84257736,56.74430082,56.64602429,56.54774775,56.44947121,56.35119467,56.25291814,56.1546416,56.05636506,55.95808852,55.98546808,56.01284763,56.04022718,56.06760674,56.09498629,56.12236584,56.1497454,56.17712495,56.2045045,56.23188406,56.55240893,56.8729338,57.19345868,57.51398355,57.83450842,58.15511163,58.47571485,58.79612221,59.11672542,59.43732863,59.75793184,60.07853506,60.39913827,,
Caribbean small states,91.52680789,91.47080424,91.4148006,91.35879695,91.3027933,91.24678965,91.190786,91.13478236,91.07877871,91.02277506,90.96677141,90.92700503,90.88723865,90.84747227,90.8077059,90.76793952,90.72817314,90.68840676,90.64864038,90.608874,90.56910762,90.48497292,90.40083823,90.31670353,90.23256883,90.14843413,90.06766181,89.99702681,89.91402126,89.83094045,89.7479349,89.66487893,89.58185683,,,
Cuba,19.16201117,19.51303538,19.86405959,20.2150838,20.56610801,20.91713222,21.26815642,21.61918063,21.97020484,22.32122905,22.67225326,23.13500931,23.82178776,24.28665414,24.75143314,25.2113867,25.68072912,26.14524615,26.61217587,27.0791056,27.54603533,27.90863068,28.43720991,29.58357321,30.12497597,30.58597502,31.1514802,31.23314066,31.23314066,31.23314066,31.23314066,31.23314066,31.23314066,31.23314066,,
Curacao,,,,,,,,,,,,,,,,,,,,,,0.157657658,0.157657658,0.157657658,0.157657658,0.157657658,0.157657658,0.157657658,0.157657658,0.157657658,0.157657658,0.157657658,0.157657658,0.157657658,,
Cayman Islands,54.70833333,54.625,54.54166667,54.45833333,54.375,54.29166667,54.20833333,54.125,54.04166667,53.95833333,53.875,53.7875,53.7,53.6125,53.525,53.4375,53.35,53.2625,53.175,53.0875,53,53,53,53,53,53,53,53,53.375,53,53,52.75,52.66666667,52.47208333,,
Cyprus,17.43614719,17.54978355,17.66341991,17.77705628,17.89069264,18.004329,18.11796537,18.23160173,18.3452381,18.45887446,18.57251082,18.58582251,18.5991342,18.61244589,18.62575758,18.63906926,18.65238095,18.66569264,18.67900433,18.69231602,18.70562771,18.70281385,18.7,18.69718615,18.69437229,18.69155844,18.68073593,18.67857143,18.67640693,18.67424242,18.67207792,18.66991342,18.66774892,18.66558442,,
Czechia,,,,34.05954445,34.06972952,34.07991459,34.09009965,34.10028472,34.11046978,34.12065485,34.13083991,34.15683965,34.18283939,34.20883914,34.23927,34.2652731,34.29571521,34.32172168,34.35217504,34.37818488,34.40864949,34.43716172,34.46567396,34.4986532,34.52716913,34.5601606,34.57907007,34.60251263,34.62595519,34.65141732,34.67799193,34.70669802,34.73694318,34.76238837,,
Germany,32.36616733,32.38163435,32.39710137,32.41349679,32.42989316,32.44629046,32.4626887,32.48187939,32.50014326,32.51934208,32.53761284,32.55803955,32.57753827,32.59797598,32.6174843,32.6341897,32.65370498,32.67416181,32.69368672,32.71133932,32.73087185,32.73754877,32.74516555,32.71898647,32.72284322,32.73232815,32.68548202,32.68454647,32.68361097,32.68267552,32.68267552,32.68267552,32.68548202,32.67893426,,
Djibouti,0.241587575,0.241587575,0.241587575,0.241587575,0.241587575,0.241587575,0.241587575,0.241587575,0.241587575,0.241587575,0.241587575,0.241587575,0.241587575,0.241587575,0.241587575,0.241587575,0.241587575,0.241587575,0.241587575,0.241587575,0.241587575,0.241587575,0.241587575,0.241587575,0.241587575,0.241587575,0.241587575,0.242018982,0.243313201,0.245901639,0.250215703,0.253377912,0.257308024,0.260724763,,
Dominica,67.08,66.75466667,66.42933333,66.104,65.77866667,65.45333333,65.128,64.80266667,64.47733333,64.152,63.82666667,63.82666667,63.82666667,63.82666667,63.82666667,63.82666667,63.82666667,63.82666667,63.82666667,63.82666667,63.82666667,63.82666667,63.82666667,63.82666667,63.82666667,63.82666667,63.82666667,63.82666667,63.82666667,63.82666667,63.82666667,63.82666667,63.82666667,63.82666667,,
Denmark,13.286,13.3864,13.4868,13.5872,13.6876,13.788,13.8884,13.9888,14.0892,14.1896,14.29,14.327225,14.36445,14.401675,14.4389,14.476125,14.51335,14.550575,14.5878,14.625025,14.66225,14.8532,15.04415,15.2351,15.42605,15.617,15.6165,15.64,15.664,15.6875,15.711,15.7345,15.758,15.7815,,
Dominican Republic,33.01366177,33.79523908,34.57681639,35.35839371,36.13997102,36.92154833,37.70312565,38.48470296,39.26628027,40.04785759,40.8294349,41.03777686,41.24611882,41.45446077,41.66280273,41.87114469,42.07948665,42.28782861,42.49617057,42.70451252,42.91285448,43.03924653,43.16563858,43.29203064,43.41842269,43.54481474,43.71227489,43.87973504,44.0471952,44.31738067,44.48522989,44.65307911,44.82092833,44.98877755,,
Algeria,0.69990847,0.696213693,0.692518915,0.688824137,0.685129359,0.681434581,0.677739804,0.674045026,0.670350248,0.66665547,0.662960693,0.677193984,0.691427276,0.705660567,0.719893859,0.734127151,0.748360442,0.762593734,0.776827026,0.791060317,0.805293609,0.808484553,0.811675498,0.814866442,0.818057387,0.821247986,0.821247986,0.815789794,0.810331602,0.814110692,0.818309303,0.822088053,0.826286664,0.830314224,,
East Asia & Pacific (excluding high income),29.11828369,29.10634238,29.09142702,29.07651167,29.06159632,29.0466992,29.03180207,29.0168867,29.00197132,28.98705595,28.87872171,28.9976224,29.11755254,29.2241217,29.34368494,29.45759694,29.57077442,29.68998057,29.80878378,29.92771711,30.04597622,30.0809965,30.11591612,30.15187592,30.18617231,30.221127,30.34892315,30.34983804,30.39784552,30.44581973,30.4933829,30.51266184,30.5605969,,,
Early-demographic dividend,26.34475057,26.22177337,25.47987836,25.17005999,25.05755155,24.93978555,24.82201956,24.70425356,24.60763292,24.48976564,24.31545874,24.25045655,24.18541481,24.12052858,23.96396615,23.89920838,23.83428166,23.76932883,23.70473395,23.63956455,23.57485493,23.48326488,23.39174135,23.3001835,23.20955566,23.11458312,23.06864582,22.97916922,22.91149503,22.84545101,22.78045029,22.70445365,22.65338853,,,
East Asia & Pacific,26.26820475,26.2553026,26.23839963,26.22149666,26.20459368,26.18770146,26.17091667,26.15401361,26.13711056,26.1202075,26.04842556,26.1165805,26.18558115,26.24676276,26.31559133,26.38109765,26.44617646,26.51478204,26.58311459,26.65152813,26.71946991,26.77084376,26.82201623,26.87380046,26.92473628,26.97604616,27.0866795,27.08605906,27.11670726,27.14801101,27.17984738,27.19473679,27.22664712,,,
Europe & Central Asia (excluding high income),,,9.798032423,9.824567629,9.851217992,9.877861777,9.904495476,9.931120738,9.958007198,9.985291381,9.993872,10.02555241,10.05715029,10.0887518,10.12033949,10.1518276,10.57790029,10.6168168,10.65559225,10.69439156,10.73321688,10.7767347,10.82013816,10.86348846,10.90896958,10.94343206,10.9750677,11.01316527,11.05737341,11.10184421,11.15243305,11.19673555,11.24125011,,,
Europe & Central Asia,,,37.73509896,37.76493479,37.80354474,37.83961953,37.87200945,37.80763832,37.83607466,37.85848793,37.86624292,37.91461999,37.96190823,38.00751687,38.05385307,38.10027712,38.13465094,38.18267639,38.23251265,38.27908184,38.32516224,38.3463558,38.36712048,38.38627792,38.40780031,38.42276763,38.44435259,38.46897809,38.48477883,38.50169316,38.52433005,38.54099949,38.5583486,,,
Ecuador,52.85439243,52.52867721,52.202962,51.87724679,51.55153157,51.22581636,50.90010114,50.57438593,56.01079884,55.64773313,55.28466742,55.00188839,54.71910936,54.43633033,54.1535513,53.87077227,53.58799324,53.30521421,53.02243517,52.73965614,52.45687711,52.28856499,52.12025286,51.95194073,51.7836286,51.61531648,51.3565389,51.09776131,50.83898373,50.58020615,50.32142857,50.06265099,49.80387341,49.54509583,,
"Egypt, Arab Rep.",0.044010247,0.045557286,0.047104325,0.048651364,0.050198403,0.051745442,0.053292481,0.05483952,0.056386559,0.057933598,0.059480637,0.060126576,0.060772515,0.061418454,0.062064393,0.062710332,0.063356271,0.06400221,0.064648149,0.065294088,0.065940027,0.062480285,0.059020543,0.055560802,0.05210106,0.048641318,0.045185594,0.045185594,0.045185594,0.045185594,0.045185594,0.045185594,0.045185594,0.045185594,,
Euro area,33.42262546,33.66680397,34.72542165,35.03869382,35.26609657,35.49350103,35.71998158,35.94778269,36.1763941,36.40421377,36.4511724,36.60317483,36.74166429,36.88007815,37.03010897,37.1769191,37.33043214,37.47455811,37.6269166,37.77300095,37.89979984,37.98250556,38.05862674,38.11953192,38.20008802,38.28864432,38.34243299,38.4214377,38.47559401,38.52993375,38.58648735,38.64076127,38.69835321,,,
Eritrea,,,,11.29287129,11.26158416,11.23029703,11.1990099,11.16772277,11.13643564,11.10514851,11.07386139,11.04257426,11.01128713,10.98,9.140320769,9.11098558,9.086474152,9.058220229,9.030254666,9.003251617,8.977483792,8.949616385,8.924026107,8.900342223,8.875197116,8.845245978,8.819973667,8.79432689,8.767757211,8.741453809,8.71821524,8.682254729,8.656177431,8.630100134,,
Spain,27.84050136,28.47907056,29.11763976,29.75620895,30.39477815,31.03334735,31.67191655,32.31048574,32.94905494,33.58762414,34.25637275,34.58050028,34.83530779,35.11418641,35.40705557,35.70425174,36.00299812,36.28442027,36.59795108,36.89928809,37.0899382,37.10192046,37.07977849,37.08211351,37.08444853,37.12753247,37.14286858,37.15223392,37.15664678,37.16772156,37.17730549,37.17275211,37.18279228,37.19258895,,
Estonia,,,52.19386648,52.27169144,52.3495164,52.42734135,52.50516631,52.58299127,52.66081623,52.73864119,52.81646615,53.04560038,53.27473461,53.50386884,53.73300307,53.9621373,54.19127153,54.42040576,54.64953999,54.87867422,55.10780845,55.50879925,55.90979004,54.91175523,55.30278353,55.69381182,55.69933287,57.03859649,57.03859649,57.03859649,57.03859649,57.03859649,57.0652937,57.0652937,,
Ethiopia,,,,19.0395,18.9665,18.8935,18.8205,18.7475,18.6745,18.6015,18.5285,18.4555,18.3825,18.3095,16.15855363,16.09383592,16.02896369,15.96402793,15.90023395,15.83526539,15.77082877,15.70608815,15.6413078,15.57676288,15.51254397,15.44784347,15.38289774,15.31829082,15.25348997,15.188678,15.12398772,15.06018224,14.99558529,14.93089758,,
European Union,36.04777749,36.22343628,36.80553033,36.95220716,37.11877883,37.28600587,37.45210117,37.61989784,37.78722531,37.95446034,37.98595293,38.11149645,38.24339119,38.35930326,38.48233406,38.60567079,38.7326135,38.85366273,38.97968109,39.09116181,39.1990406,39.28224022,39.36304069,39.43158977,39.50644573,39.5948493,39.64416516,39.70506315,39.7488789,39.79361474,39.83878152,39.88287959,39.9291602,,,
Fragile and conflict affected situations,29.93407421,29.80015343,29.19268046,28.39850789,28.27165258,28.14479727,28.01794196,27.89108665,27.76423134,27.63737603,27.51052072,27.39646949,27.28243358,27.16867213,26.83099012,26.71784286,26.60452272,26.49130105,26.3785718,26.26989082,26.15686691,26.02241028,24.03885262,23.91273978,23.7863581,23.65982442,23.52866784,23.40251845,23.27930485,23.15377201,23.03147855,22.90700286,22.7884219,,,
Finland,71.81893693,72.00617551,72.1934141,72.38065268,72.56789126,72.75512985,72.94236843,73.12960701,73.3168456,73.50408418,73.69132276,73.62446568,73.55760859,73.4907515,73.42389442,73.35703733,73.40585972,73.34372061,73.32256663,73.25555775,73.18854886,73.30086544,73.41077364,73.52068183,73.63059002,73.73564542,73.73564542,73.73321927,73.73321927,73.73079327,73.72836744,73.72649966,73.72649966,73.72351625,,
Fiji,51.43349754,51.79901478,52.16453202,52.53004926,52.8955665,53.26108374,53.62660099,53.99211823,54.35763547,54.72315271,55.08866995,55.45413246,55.81959496,56.18505747,56.55051998,56.91598248,57.28144499,57.6469075,58.01237001,58.37783251,58.74329502,59.10870279,59.47411056,59.83951834,60.20492611,60.57033388,60.93596059,61.3015873,61.66721401,62.03284072,62.39846743,62.76409414,63.12972085,63.49534756,,
France,26.78541609,26.94350125,27.10158642,27.25967158,27.41775675,27.57584191,27.73392708,27.89201225,28.05009741,28.20818258,28.36626774,28.57612023,28.78597272,28.99582522,29.20567771,29.4155302,29.62538269,29.83523518,30.04508767,30.25494016,30.46479265,30.61953799,30.77428333,30.92902867,31.08377401,31.23851934,31.39326468,31.54801002,31.70275536,31.8575007,32.01224603,32.16699137,32.32173671,32.47648205,,
Faroe Islands,0.05730659,0.05730659,0.05730659,0.05730659,0.05730659,0.05730659,0.05730659,0.05730659,0.05730659,0.05730659,0.05730659,0.05730659,0.05730659,0.05730659,0.05730659,0.05730659,0.05730659,0.05730659,0.05730659,0.05730659,0.05730659,0.05730659,0.05730659,0.05730659,0.05730659,0.05730659,0.05730659,0.05730659,0.05730659,0.05730659,0.058565154,0.058394161,0.058394161,0.058394161,,
"Micronesia, Fed. Sts.",,90.86857143,90.90857143,90.94857143,90.98857143,91.02857143,91.06857143,91.10857143,91.14857143,91.18857143,91.22857143,91.26714286,91.30571429,91.34428571,91.38285714,91.42142857,91.46,91.49857143,91.53714286,91.57571429,91.61428571,91.65428571,91.69428571,91.73428571,91.77428571,91.81428571,91.85714286,91.9,91.94285714,91.98571429,92.02857143,92.07142857,92.11428571,92.15714286,,
Gabon,92.21725463,92.19334032,92.16942601,92.1455117,92.12159739,92.09768308,92.07376877,92.04985447,92.02594016,92.00202585,91.97811154,91.9584779,91.93884426,91.91921062,91.89957698,91.87994334,91.8603097,91.84067606,91.82104242,91.80140878,91.78177514,91.73566189,91.68954865,91.6434354,91.59732216,91.55120891,91.50510343,91.45899794,91.41289246,91.36678698,91.32068149,91.27457601,91.22847052,91.18236504,,
United Kingdom,11.48266027,11.55540859,11.6281569,11.70090522,11.77365354,11.84640185,11.91915017,11.99189848,12.0646468,12.13739511,12.21014343,12.25354441,12.2969454,12.34034638,12.38374736,12.42714835,12.47054933,12.51395032,12.5573513,12.60075228,12.64415327,12.72351507,12.80287687,12.88223866,12.96160046,13.04096226,13.05749597,13.07816311,13.11536395,13.15256479,13.18563221,13.22145538,13.25548712,13.29071302,,
Georgia,,,39.63102605,39.64297021,39.65491438,39.66685854,39.67880271,39.69074687,39.70269103,39.7146352,39.72657936,39.81551302,39.90444668,39.99338034,40.082314,40.17124766,40.26018132,40.34911498,40.43804864,40.5269823,40.61591596,40.61591596,40.61591596,40.61591596,40.61591596,40.61591596,40.61591596,40.61591596,40.61591596,40.61591596,40.61591596,40.61591596,40.61591596,40.61591596,,
Ghana,43.61545223,43.14272216,42.66999209,42.19726202,41.72453195,41.25180188,40.77907181,40.30634174,39.83361167,39.3608816,38.88815153,38.49012042,38.0920893,37.69405819,37.29602707,36.89799596,36.49996484,36.10193373,35.70390261,35.3058715,34.90784038,34.85291377,34.79798717,34.74306056,34.68813395,34.63320735,34.81691131,35.00061528,35.03234596,35.06515538,35.09739375,35.12867716,35.1604431,35.19219586,,
Gibraltar,0,0,0,0,0,0,0,0,0,0,0,0,0,0,0,0,0,0,0,0,0,0,0,0,0,0,0,0,0,0,0,0,0,0,,
Guinea,29.61093928,29.46972163,29.32850399,29.18728634,29.0460687,28.90485105,28.7636334,28.62241576,28.48119811,28.33998047,28.19876282,28.0522546,27.90574638,27.75923816,27.61272994,27.46622172,27.3197135,27.17320527,27.02669705,26.88018883,26.73368061,26.58717239,26.44066417,26.29415595,26.14764773,26.00113951,25.8383526,25.67556568,25.51277877,25.34999186,25.18720495,25.02441804,24.86163112,24.69884421,,
"Gambia, The",40.9743083,40.40780632,39.84130435,39.27480237,38.7083004,38.14179842,37.57529644,37.00879447,36.44229249,35.87579051,35.30928854,34.74278656,34.17628458,33.60978261,33.04328063,32.47677866,31.91027668,31.3437747,30.77727273,30.21077075,29.64426877,29.07786561,28.51146245,27.94505929,27.37865613,26.81225296,26.24505929,25.67885375,25.11264822,24.54545455,23.97924901,23.41238142,22.8459585,22.27923913,,
Guinea-Bissau,79.42140825,79.12108819,78.82076814,78.52044808,78.22012802,77.91980797,77.61948791,77.31916785,77.0188478,76.71852774,76.41820768,76.11788762,75.81756757,75.51724751,75.21692745,74.9166074,74.61628734,74.31596728,74.01564723,73.71532717,73.41500711,73.11472262,72.81443812,72.51415363,72.21386913,71.91358464,71.61344239,71.31330014,71.01315789,70.71301565,70.4128734,70.11273115,69.8125889,69.51244666,,
Equatorial Guinea,96.22638146,95.9284492,95.63051693,95.33258467,95.03465241,94.73672014,94.43878788,94.14085561,93.84292335,93.54499109,93.24705882,92.94912656,92.6511943,92.35326203,92.05532977,91.7573975,91.45946524,91.16153298,90.86360071,90.56566845,90.26773619,89.96976827,89.67180036,89.37383244,89.07586453,88.77789661,88.4798574,88.18181818,87.88377897,87.58573975,87.28770053,86.98966132,86.6916221,86.39358289,,
Greece,25.59,25.82404112,26.05808146,26.29212258,26.52616292,26.76020403,26.99424515,27.22828549,27.46232661,27.69636695,27.93040807,28.16436695,28.39832661,28.63228549,28.86624515,29.10020403,29.33416292,29.56812258,29.80208146,30.03604112,30.27,30.27,30.27,30.27,30.27,30.27,30.26997673,30.26997673,30.26997673,30.26997673,30.26997673,30.26997673,30.26997673,30.26997673,,
Grenada,52.05882353,52.05882353,52.05882353,52.05882353,52.05882353,52.05882353,52.05882353,52.05882353,52.05882353,52.05882353,52.05882353,52.05882353,52.05882353,52.05882353,52.05882353,52.05882353,52.05882353,52.05882353,52.05882353,52.05882353,52.05882353,52.05882353,52.05882353,52.05882353,52.05882353,52.05882353,52.05882353,52.05882353,52.05882353,52.05882353,52.05882353,52.05882353,52.05882353,52.05882353,,
Greenland,0.00064384,0.00064384,0.00064384,0.00064384,0.00064384,0.00064384,0.00064384,0.000535997,0.000535997,0.000535997,0.000535997,0.000535997,0.000535997,0.000535997,0.000535997,0.000535997,0.000535997,0.000535997,0.000535997,0.000535997,0.000535997,0.000535997,0.000535997,0.000535997,0.000535997,0.000535997,0.000535997,0.000535997,0.000535997,0.000535997,0.000535997,0.000535997,0.000535997,0.000535997,,
Guatemala,44.61739455,44.08361329,43.54983203,43.01605077,42.4822695,41.94848824,41.41470698,40.88092572,40.34714446,39.8133632,39.27958193,38.82549459,38.37140724,37.9173199,37.46323255,37.0091452,36.55505786,36.10097051,35.64688317,35.19279582,34.73870847,34.48338932,34.22807018,33.97275103,33.71743188,33.46211273,33.35386338,33.24561404,33.13736469,33.02911534,32.92086599,32.81261665,32.7043673,32.59611795,,
Guam,44.44444444,44.44444444,44.44444444,44.44444444,44.44444444,44.44444444,44.44444444,44.44444444,44.44444444,44.44444444,44.44444444,44.44444444,44.44444444,44.44444444,44.44444444,44.44444444,44.44444444,44.44444444,44.44444444,44.44444444,44.44444444,44.81481481,45.18518519,45.55555556,45.92592593,46.2962963,51.85185185,51.85185185,51.85185185,51.85185185,51.85185185,51.85185185,51.85185185,51.85185185,,
Guyana,94.499111,94.47984252,94.46057404,94.44130556,94.42203708,94.40276861,94.38350013,94.36423165,94.34496317,94.32569469,94.30642621,94.28386589,94.26130556,94.23874524,94.21618491,94.19362459,94.17106426,94.14850394,94.12594361,94.10338329,94.08082296,94.02143764,93.96205232,93.90266701,93.84328169,93.78389637,93.73716027,93.69037338,93.64363729,93.59685039,87.21862271,87.175018,87.13143459,87.08783698,,
High income,28.98626843,29.00601517,35.53250026,35.55029137,35.56726975,35.58299522,35.59697238,35.56308177,35.57495691,35.58369861,35.59160537,35.62019143,35.64842535,35.67584342,35.70362653,35.73148665,35.76222781,35.79002768,35.82875578,35.8558742,35.88269046,35.91043764,35.93826003,35.9653122,35.99304696,36.02141815,36.04182851,36.04610364,36.0510797,36.05684586,36.06358674,36.19272751,36.21148106,,,
"Hong Kong SAR, China",,,,,,,,,,,,,,,,,,,,,,,,,,,,,,,,,,,,
Honduras,62.45222987,62.26498347,62.07773706,61.89049066,61.70324426,61.51599786,61.32875145,61.14150505,60.95425865,60.76701224,60.57976584,60.3985164,60.21726696,60.03601752,59.85476808,59.67351863,59.49226919,59.31101975,59.12977031,58.94852087,58.76727143,58.56771829,58.36816516,58.16861203,57.9690589,57.76950576,57.58378765,57.39663956,57.20940209,57.02216463,56.83492716,56.6476897,56.46045223,56.27321476,,
Heavily indebted poor countries (HIPC),35.20346253,35.02979883,34.85613512,33.64632461,33.47928129,33.31223798,33.14519466,32.97815135,32.81110803,32.64406472,32.4770214,32.32782436,32.17862733,32.02943029,31.60995912,31.4619458,31.31402811,31.16601343,31.01814924,30.87016038,30.72102303,30.54835226,28.46793452,28.30341363,28.13890524,27.97425098,27.79660087,27.62412108,27.4527876,27.27873252,27.10779264,26.93475678,26.76308008,,,
Croatia,,,33.21409408,33.27669469,33.3392953,33.4018959,33.42265095,33.48517328,33.58969773,33.65229834,33.71369295,33.77629131,33.83888968,33.86998785,33.93252805,33.99506826,34.05760846,34.12014867,34.18268887,34.24522908,34.30776928,34.31491673,34.32206418,34.32921164,34.33635909,34.34350654,34.38139161,34.51519548,34.55989565,34.60456722,34.65171551,34.69639028,34.74106505,34.78573981,,
Haiti,13.89404935,13.88581277,13.8775762,13.86933962,13.86110305,13.85286647,13.8446299,13.83639332,13.82815675,13.81992017,13.8116836,13.80344702,13.79521045,13.78697388,13.7787373,13.77050073,13.76226415,13.75402758,13.745791,13.73755443,13.72931785,13.61661829,13.50391872,13.39121916,13.27851959,13.16582003,13.05297533,12.94013062,12.82728592,12.71444122,12.60159652,12.48875181,12.37590711,12.26306241,,
Hungary,20.18359853,20.30295983,20.42232113,20.5439684,20.66334298,20.78271756,20.90209214,21.03551225,21.15496659,21.27442094,21.43684445,21.57656773,21.71629101,21.85601428,21.99573756,22.13793103,22.2776699,22.41740877,22.55714764,22.46623219,22.60455098,22.63642991,22.66830885,22.70018778,22.55023011,22.58185404,22.55895244,22.5429542,22.5281613,22.51227263,22.49627438,22.48034955,22.46437541,22.44843414,,
IBRD only,,,34.96083205,34.89357362,34.82684933,34.75921851,34.69027777,34.62082916,34.56444031,34.49197038,34.40124445,34.36350098,34.32616503,34.28465451,34.24640914,34.2068642,34.16775423,34.13056569,34.0934066,34.05712144,34.01948021,33.99417371,33.96885978,33.94384442,33.91843419,33.89311608,33.88705182,33.8494193,33.83326364,33.81495556,33.79964644,33.77459967,33.75809591,,,
IDA & IBRD total,,,34.46892731,34.19243999,34.1085298,34.02140791,33.93331418,33.84484426,33.76603775,33.67532856,33.56720252,33.50611432,33.44530696,33.38150042,33.26771422,33.20538641,33.14439074,33.08374196,33.02329319,32.96339011,32.90228804,32.84323285,32.2110722,32.15206159,32.09314327,32.03252962,31.98751538,31.92032721,31.86896264,31.81494226,31.76346762,31.70493663,31.65202668,,,
IDA total,34.16780046,34.01026819,32.85484822,32.0038383,31.86574915,31.71786887,31.5699886,31.42210832,31.27422803,31.12634775,30.96353229,30.82959466,30.69558317,30.56187406,30.23192012,30.09879512,29.96543068,29.83196673,29.69916455,29.5660149,29.43211027,29.26826249,27.29090449,27.13675852,26.98378712,26.82520706,26.67112226,26.52166932,26.37174468,26.21778882,26.06535652,25.91189055,25.75755106,,,
IDA blend,36.46787268,36.32317325,33.56823902,33.44456386,33.32088869,33.19721353,33.07353839,32.94986322,32.82618804,32.70251288,32.50857158,32.41595667,32.32298339,32.23023382,32.13741735,32.04446913,31.95148815,31.8576422,31.76478055,31.67195057,31.57931962,31.48864609,31.39749515,31.30635669,31.21514769,31.09339931,31.00404256,30.92287129,30.8352538,30.7418601,30.64767134,30.55405951,30.46047265,,,
Indonesia,65.43771425,64.48467352,63.53163278,62.57859205,61.62555132,60.67251058,59.71946985,58.76642912,57.81338839,56.86034765,53.94352867,53.85720198,53.77087529,53.6845486,53.59822191,53.51189522,53.42556853,53.33924184,53.25291515,53.16658846,53.08026177,52.58691923,52.09357668,51.60023414,51.10689159,50.61354905,50.74345453,50.03933382,49.71681778,49.39429641,49.07178037,48.36194487,48.04199007,47.72203369,,
IDA only,33.53865663,33.37764828,32.6453819,31.60705406,31.46483882,31.31028971,31.1557406,31.00119149,30.84664238,30.69209327,30.53694171,30.39159956,30.24625741,30.10123763,29.7101286,29.56600179,29.42158377,29.27725925,29.13351395,28.98932642,28.84414676,28.66028285,26.30431608,26.13502982,25.96715938,25.79868469,25.62902082,25.46314147,25.29822806,25.12971383,24.963248,24.79538578,24.62652067,,,
Isle of Man,6.070175439,6.070175439,6.070175439,6.070175439,6.070175439,6.070175439,6.070175439,6.070175439,6.070175439,6.070175439,6.070175439,6.070175439,6.070175439,6.070175439,6.070175439,6.070175439,6.070175439,6.070175439,6.070175439,6.070175439,6.070175439,6.070175439,6.070175439,6.070175439,6.070175439,6.070175439,6.070175439,6.070175439,6.070175439,6.070175439,6.070175439,6.070175439,6.070175439,6.070175439,,
India,21.50484833,21.627713,21.75057766,21.87344233,21.996307,22.11917166,22.24203633,22.364901,22.48776567,22.61063033,22.733495,22.7975676,22.86164019,22.92571279,22.98978538,23.05385798,23.11793057,23.18200317,23.24607576,23.31014836,23.37422095,23.46382169,23.55342242,23.64302315,23.73262388,23.82222461,23.91169081,24.00149335,24.09095954,24.18076208,24.27022827,24.35969447,24.449497,24.53903047,,
Not classified,,,,,,,,,,,,,,,,,,,,,,,,,,,,,,,,,,,,
Ireland,6.701117724,6.946029903,7.190942082,7.43585426,7.680766439,7.925678618,8.170590797,8.415502976,8.660415155,8.905327333,9.150239512,9.280911598,9.411583684,9.54225577,9.672927856,9.803599942,9.934272028,10.06494411,10.1956162,10.32628829,10.45696037,10.55651038,10.65606039,10.75561039,10.8551604,10.95471041,11.06619248,11.17752939,11.23559297,11.29365655,11.35172013,11.40978371,11.46784729,11.52591087,,
"Iran, Islamic Rep.",5.572374076,5.587698617,5.603023159,5.6183477,5.633672241,5.648996783,5.664321324,5.679645866,5.694970407,5.710294948,5.72561949,5.809506619,5.893393747,5.977280876,6.061168005,6.145055134,6.228942263,6.312829392,6.396716521,6.480603649,6.564490778,6.564490778,6.564490778,6.564490778,6.564490778,6.564490778,6.570642698,6.601540832,6.611402157,6.621263482,6.626810478,6.635439137,6.641602465,6.649236117,,
Iraq,1.838260512,1.841461463,1.844662414,1.847863365,1.851064316,1.854265267,1.857466219,1.86066717,1.863868121,1.867069072,1.870270023,1.871870499,1.873470974,1.87507145,1.876671925,1.878272401,1.879872877,1.881473352,1.883073828,1.897909376,1.89952109,1.89952109,1.89952109,1.900361184,1.900361184,1.900361184,1.900361184,1.900361184,1.900361184,1.900352429,1.900352429,1.900352429,1.900352429,1.900352429,,
Iceland,0.170274314,0.183002494,0.195730673,0.208458853,0.221187032,0.233915212,0.246643392,0.259371571,0.272099751,0.28482793,0.29755611,0.312359102,0.327162095,0.341965087,0.35676808,0.371571072,0.386374065,0.401177057,0.41598005,0.430783042,0.445586035,0.452548628,0.459511222,0.466473815,0.473436409,0.480399002,0.485386534,0.492568579,0.496280869,0.502727363,0.509273034,0.515719528,0.522265199,0.528744421,,
Israel,6.099815157,6.196857671,6.293900185,6.390942699,6.487985213,6.585027726,6.68207024,6.779112754,6.876155268,6.973197782,7.070240296,7.074861368,7.07948244,7.084103512,7.088724584,7.093345656,7.097966728,7.1025878,7.107208872,7.111829945,7.116451017,7.218114603,7.319778189,7.421441774,7.52310536,7.624768946,6.469500924,6.469500924,6.469500924,6.469500924,6.469500924,6.469500924,6.469500924,6.469500924,,
Italy,25.80582095,26.07085784,26.33589473,26.60093162,26.86596852,27.13100541,27.3960423,27.66107919,27.92611608,28.19115297,28.30145612,28.52423255,28.74700897,28.9697854,29.19256183,29.41533826,29.63811469,29.86089112,30.08366755,30.30644398,30.52922041,30.71117754,30.89313468,31.07509181,31.25704895,31.43900608,31.62096998,31.80293388,31.98489777,32.16697045,32.34893496,32.53089947,32.71253212,32.89449479,,
Jamaica,48.13296399,48.13037858,48.12779317,48.12520776,48.12262235,48.12003693,48.11745152,48.11486611,48.1122807,48.10969529,48.10710988,48.45290859,48.79870729,49.144506,49.49030471,49.83610342,50.18190212,50.52770083,50.87349954,51.21929825,51.56509695,51.91615882,52.26722068,52.61828255,52.96934441,53.32040628,53.67867036,54.0378578,54.39704524,54.75530933,55.11449677,55.47306556,55.83204986,56.19075716,,
Jordan,1.10494107,1.10494107,1.10494107,1.10494107,1.10494107,1.10494107,1.10494107,1.10494107,1.10494107,1.10494107,1.10494107,1.10494107,1.10494107,1.10494107,1.10494107,1.10494107,1.10494107,1.10494107,1.10494107,1.09822032,1.09822032,1.09822032,1.09822032,1.09822032,1.09822032,1.09822032,1.09822032,1.09822032,1.09822032,1.098047165,1.098047165,1.098047165,1.098047165,1.098047165,,
Japan,68.43115743,68.41086122,68.390565,68.37026879,68.34997257,68.32967636,68.32812071,68.30781893,68.28751715,68.26721536,68.24691358,68.27160494,68.2962963,68.32098765,68.34567901,68.37037037,68.39506173,68.41975309,68.44444444,68.4691358,68.49382716,68.48175583,68.4696845,68.45761317,68.44554184,68.43347051,68.42249657,68.40877915,68.40877915,68.40877915,68.40877915,68.40877915,68.40877915,68.39578114,,
Kazakhstan,,,1.170937882,1.17074086,1.170543838,1.170346816,1.170149794,1.169952773,1.169755751,1.169558729,1.169361707,1.166593029,1.163824314,1.161055636,1.158286958,1.15551828,1.152749565,1.149980887,1.147212209,1.144443494,1.141674816,1.158437938,1.175201022,1.191964107,1.208727229,1.225490314,1.236326258,1.247160796,1.257992073,1.268822462,1.279653295,1.290483832,1.301314553,1.312145164,,
Kenya,6.779597287,6.797633271,6.815669255,6.833705239,6.851741224,6.869777208,6.887813192,6.905849176,6.92388516,6.941921144,6.959957128,6.89936571,6.838774291,6.778182872,6.717591454,6.657000035,6.596408617,6.535817198,6.475225779,6.414634361,6.354042942,6.321035246,6.28802755,6.255019855,6.222012159,6.167806624,6.19833694,6.228659542,6.258776541,6.237629449,6.216624779,6.216624779,6.216624779,6.216624779,,
Kyrgyz Republic,,,5.971418144,5.994607925,6.017797185,6.040986966,6.064176225,6.087365485,6.110555266,6.133745047,6.156934307,6.182367049,6.207799791,6.233232534,6.258665276,6.284098019,6.309530761,6.334963504,6.360396246,6.385828989,6.411261731,6.434337852,6.457413973,6.480490094,6.503566215,6.526642336,6.549739312,6.572806048,6.667883212,6.762982273,6.858081335,6.953180396,7.048279458,7.143378519,,
Cambodia,62.34302062,62.21624179,62.08946295,61.96268412,61.83590528,61.70912644,61.58234761,61.45556877,61.32878994,61.2020111,61.07523227,60.96659302,60.85795377,60.74931453,60.64067528,60.53203603,60.42339678,60.31475753,60.20611829,60.09747904,59.98883979,58.01466123,56.04048266,54.0663041,52.09212554,50.11794697,49.2359506,48.35395423,47.47195785,46.58996148,45.7079651,44.82596873,43.94397235,43.06197598,,
Kiribati,1.456790123,1.456790123,1.456790123,1.456790123,1.456790123,1.456790123,1.456790123,1.456790123,1.456790123,1.456790123,1.456790123,1.456790123,1.456790123,1.456790123,1.456790123,1.456790123,1.456790123,1.456790123,1.456790123,1.456790123,1.456790123,1.456790123,1.456790123,1.456790123,1.456790123,1.456790123,1.456790123,1.456790123,1.456790123,1.456790123,1.456790123,1.456790123,1.456790123,1.456790123,,
St. Kitts and Nevis,42.30769231,42.30769231,42.30769231,42.30769231,42.30769231,42.30769231,42.30769231,42.30769231,42.30769231,42.30769231,42.30769231,42.30769231,42.30769231,42.30769231,42.30769231,42.30769231,42.30769231,42.30769231,42.30769231,42.30769231,42.30769231,42.30769231,42.30769231,42.30769231,42.30769231,42.30769231,42.30769231,42.30769231,42.30769231,42.30769231,42.30769231,42.30769231,42.30769231,42.30769231,,
"Korea, Rep.",67.91416131,67.83640887,67.75865644,67.680904,67.60315157,67.52539913,67.44764669,67.36989426,67.29214182,67.21438938,67.13663695,66.85032045,66.72383511,66.625,66.51931419,66.40681466,66.29438481,66.17519604,66.03567378,65.89635277,65.70987654,65.61374627,65.43006885,65.24952271,65.1442061,65.03155626,64.87911457,64.78309917,64.67391304,64.51844262,64.41598361,64.31352459,64.21106557,64.10860656,,
Kuwait,0.193602694,0.201459035,0.209315376,0.217171717,0.225028058,0.2328844,0.240740741,0.248597082,0.256453423,0.264309764,0.272166105,0.280022447,0.287878788,0.295735129,0.30359147,0.311447811,0.319304153,0.327160494,0.335016835,0.342873176,0.350729517,0.350729517,0.350729517,0.350729517,0.350729517,0.350729517,0.350729517,0.350729517,0.350729517,0.350729517,0.350729517,0.350729517,0.350729517,0.350729517,,
Latin America & Caribbean (excluding high income),54.37118626,54.07756853,53.78395079,53.49033306,53.19671533,52.90309759,52.60947986,52.31586213,52.10502952,51.81094454,51.51685956,51.21039956,50.90681245,50.60030688,50.29380165,49.9872409,49.68079222,49.37428802,49.06781158,48.76133514,48.4548587,48.2898242,48.12651046,47.96913003,47.80575094,47.64162268,47.47540802,47.28123903,47.14888973,47.00513746,46.86642625,46.72415762,46.58761399,,,
Lao PDR,77.30935875,77.12824957,76.94714038,76.7660312,76.58492201,76.40381282,76.22270364,76.04159445,75.86048527,75.67937608,75.4982669,75.28834489,75.07842288,74.86850087,74.65857886,74.44865685,74.23873484,74.02881282,73.81889081,73.6089688,73.39904679,73.24956672,73.10008666,72.95060659,72.80112652,72.65164645,72.50216638,72.35268631,72.20320624,72.05372617,71.9042461,71.75476603,71.60528596,71.45580589,,
Lebanon,13.65591398,13.64105572,13.62619746,13.6113392,13.59648094,13.58162268,13.56676442,13.55190616,13.5370479,13.52218964,13.50733138,13.49921799,13.49110459,13.4829912,13.47487781,13.46676442,13.45865103,13.45053763,13.44242424,13.43431085,13.42619746,13.48445748,13.5427175,13.60097752,13.65923754,13.71749756,13.77614858,13.83479961,13.89345064,13.95210166,14.01075269,14.06940371,14.12805474,14.18670577,,
Liberia,88.5095515,88.19539037,87.88122924,87.56706811,87.25290698,86.93874585,86.62458472,86.31042359,85.99626246,85.68210133,85.3679402,85.05377907,84.73961794,84.42545681,84.11129568,83.79713455,83.48297342,83.16881229,82.85465116,82.54049003,82.2263289,81.91216777,81.59800664,81.28384551,80.96968439,80.65552326,80.34136213,80.027201,79.71303987,79.39887874,79.08471761,78.77055648,78.45639535,78.14223422,,
Libya,0.123327688,0.123327688,0.123327688,0.123327688,0.123327688,0.123327688,0.123327688,0.123327688,0.123327688,0.123327688,0.123327688,0.123327688,0.123327688,0.123327688,0.123327688,0.123327688,0.123327688,0.123327688,0.123327688,0.123327688,0.123327688,0.123327688,0.123327688,0.123327688,0.123327688,0.123327688,0.123327688,0.123327688,0.123327688,0.123327688,0.123327688,0.123327688,0.123327688,0.123327688,,
St. Lucia,34.86885246,34.82622951,34.78360656,34.74098361,34.69836066,34.6557377,34.61311475,34.5704918,34.52786885,34.4852459,34.44262295,34.40327869,34.36393443,34.32459016,34.2852459,34.24590164,34.20655738,34.16721311,34.12786885,34.08852459,34.04918033,34.04918033,34.04918033,34.04918033,34.04918033,34.04918033,34.04918033,34.04918033,34.04918033,34.04918033,34.04918033,34.04918033,34.04918033,34.04918033,,
Latin America & Caribbean,53.2976444,53.02606608,52.75448775,52.48290943,52.21133111,51.93975279,51.66817447,51.39659615,51.19765019,50.92568604,50.65372189,50.37780802,50.10441853,49.8284659,49.55251354,49.2765123,49.00060966,48.72465813,48.44873105,48.17280396,47.89687688,47.75041984,47.60665939,47.46814082,47.32484478,47.18036577,47.03228463,46.86017473,46.74435299,46.61971053,46.50080541,46.3779013,46.26063581,,,
Least developed countries: UN classification,34.89402308,34.73796881,34.58191454,33.42514027,33.27448721,33.12383416,32.97318111,32.82252805,32.67187499,32.52122194,32.36992916,32.20546808,32.04100701,31.87654593,31.44846354,31.28539554,31.12212355,30.95886301,30.79619845,30.63306552,30.46886581,30.25821446,27.67946719,27.48673552,27.29392009,27.10096989,26.90802385,26.71877888,26.5315127,26.34063665,26.15181497,25.96160413,25.7722597,,,
Low income,27.39872523,27.26937913,27.14003303,26.86761664,26.73916312,26.61070959,26.48225607,26.35380254,26.22534902,26.0968955,25.96844197,25.84552382,25.72260567,25.60012589,25.43145131,25.30865459,25.18586786,25.06308228,24.94032826,24.81760335,24.69336054,24.53362791,21.87430756,21.7316541,21.58897668,21.44619552,21.29559169,21.15097306,21.0093639,20.86242616,20.71847079,20.57250952,20.42552035,,,
Liechtenstein,40.625,40.75,40.875,41,41.125,41.25,41.375,41.5,41.625,41.75,41.875,41.874375,41.87375,41.87375,41.873125,41.8725,41.871875,41.87125,41.87125,41.870625,41.87,41.87125,41.871875,41.873125,41.87375,41.875,41.875,41.875,41.875,41.875,41.875,41.875,41.875,41.875,,
Sri Lanka,37.47934939,37.18607878,36.89280816,36.59953755,36.30626694,36.01299633,35.71972572,35.42645511,35.1331845,34.83991389,34.54664328,34.44649976,34.34635624,34.24621273,34.14606921,34.04592569,33.94578217,33.84563865,33.74549514,33.64535162,33.5452081,33.62557806,33.70594801,33.78631797,33.86668793,34.39516585,34.34411,34.29305414,34.25804992,34.20671025,34.15809893,34.10701584,34.05593275,34.00484966,,
Lower middle income,34.10715634,34.00582272,32.75361311,32.65671064,32.57186451,32.47492616,32.37798782,32.28104946,32.1841111,32.08717275,31.99624979,31.88321499,31.7710569,31.6588483,31.54884971,31.43121075,31.31801819,31.20503012,31.09194161,30.97807263,30.86427388,30.74237133,30.62032546,30.49918486,30.37849187,30.24998729,30.14090379,30.01944154,29.89848899,29.777047,29.65650897,29.53535556,29.42362064,,,
Low & middle income,,,30.91536979,30.77892932,30.67240528,30.56297678,30.4535457,30.34410834,30.24648527,30.13716221,30.00216169,29.91700358,29.83246655,29.74462611,29.65221342,29.56592668,29.48474415,29.40043874,29.31602386,29.23264582,29.14785792,29.07235076,28.39684893,28.32292731,28.24819483,28.17155572,28.11279342,28.02502413,27.95976139,27.890765,27.82453847,27.75052918,27.68478519,,,
Lesotho,1.137022398,1.137022398,1.137022398,1.137022398,1.137022398,1.137022398,1.137022398,1.137022398,1.137022398,1.137022398,1.137022398,1.137022398,1.137022398,1.137022398,1.137022398,1.137022398,1.137022398,1.137022398,1.137022398,1.137022398,1.137022398,1.137022398,1.137022398,1.137022398,1.137022398,1.137022398,1.137022398,1.137022398,1.137022398,1.137022398,1.137022398,1.137022398,1.137022398,1.137022398,,
Late-demographic dividend,,,39.85446544,39.81796548,39.78279386,39.74598637,39.70685901,39.66675774,39.62497655,39.57941628,39.55935475,39.54233496,39.52441566,39.50050467,39.48255763,39.4621797,39.43104432,39.41478143,39.39861231,39.38179945,39.36475764,39.3842386,39.40368641,39.42257689,39.441806,39.46198323,39.4792885,39.48104067,39.49982013,39.51436718,39.53329435,39.54829536,39.56418813,,,
Lithuania,,,31.26994257,31.38959796,31.50925335,31.62890874,31.74856414,31.86821953,31.98787492,32.10753031,32.22718571,32.46649649,32.70580728,32.94511806,33.18442884,33.42373963,33.66305041,33.9023612,34.14439569,34.38372557,34.62305544,34.67785685,34.73210582,34.78579976,34.85395052,34.90822027,34.96056959,35.05691161,35.0950024,35.13254551,35.14851485,35.18074908,35.20364354,35.23015016,,
Luxembourg,,,,,,,,,,,33.67696527,33.75465146,33.83233766,33.91002385,33.98771004,34.06539624,34.14308243,34.22076863,34.29845482,34.37614102,34.45382721,34.45382721,34.45382721,34.45382721,34.45382721,34.45382721,34.45382721,34.45382721,34.45382721,34.45382721,34.45382721,34.45382721,34.45382721,34.45382721,,
Latvia,,,51.20928214,51.31855947,51.42783679,51.53711411,51.64639144,51.75566876,51.86494608,51.97422341,52.08350073,52.29421312,52.50492551,52.71563791,52.9263503,53.13706269,53.34777508,53.55848747,53.76919987,53.97991226,54.19062465,54.25271988,54.31481511,54.37691034,54.43900558,54.50110081,54.56329246,54.62548411,54.68767577,54.74986742,54.80941668,54.87160534,54.93379399,54.99598265,,
"Macao SAR, China",,,,,,,,,,,,,,,,,,,,,,,,,,,,,,,,,,,,
St. Martin (French part),,,,,,,,,,,,,,,,,,,,,,24.8,24.8,24.8,24.8,24.8,24.8,24.8,24.8,24.8,24.8,24.8,24.8,24.8,,
Morocco,12.29058929,12.29535066,12.30011203,12.3048734,12.30963477,12.31439615,12.31915752,12.32391889,12.32868026,12.33344163,12.338203,12.37585257,12.41350213,12.45115169,12.48880125,12.52645082,12.56410038,12.60174994,12.63939951,12.67704907,12.71469863,12.7192337,12.72376877,12.72830383,12.7328389,12.73737396,12.77120771,12.79764732,12.82005378,12.84358055,12.86688326,12.89033542,12.91368788,12.93710688,,
Monaco,0,0,0,0,0,0,0,0,0,0,0,0,0,0,0,0,0,0,0,0,0,0,0,0,0,0,0,0,0,0,0,0,0,0,,
Moldova,,,10.01521144,10.04855842,10.10928962,10.1700577,10.22775585,10.28857837,10.34943786,10.41033435,10.47445255,10.56599757,10.65754258,10.75235777,10.8406326,10.92885375,11.02037093,11.11188811,11.20340529,11.29492247,11.40030441,11.47275495,11.54169203,11.60705596,11.67944039,11.75182482,11.75486618,11.75129219,11.75297169,11.75275726,11.75322187,11.75129219,11.75486618,11.73701792,,
Madagascar,23.54687554,23.43290573,23.31893593,23.20496612,23.09099632,22.97702652,22.86305671,22.74908691,22.6351171,22.5211473,22.40717749,22.32658287,22.24598824,22.16539361,22.08479898,22.00420435,21.92360973,21.8430151,21.76242047,21.68182584,21.60123121,21.56904408,21.54632474,21.52342042,21.50070127,21.47798212,21.45527673,21.43255414,21.40983156,21.38712616,21.36440358,21.34169251,21.3189737,21.29626006,,
Maldives,2.733333333,2.733333333,2.733333333,2.733333333,2.733333333,2.733333333,2.733333333,2.733333333,2.733333333,2.733333333,2.733333333,2.733333333,2.733333333,2.733333333,2.733333333,2.733333333,2.733333333,2.733333333,2.733333333,2.733333333,2.733333333,2.733333333,2.733333333,2.733333333,2.733333333,2.733333333,2.733333333,2.733333333,2.733333333,2.733333333,2.733333333,2.733333333,2.733333333,2.751677852,,
"Middle East, North Africa, Afghanistan & Pakistan",2.108121602,2.107378899,2.106632865,2.105890164,2.105147462,2.104404768,2.103662067,2.102919365,2.102176663,2.101433962,2.10069126,2.113018287,2.125345314,2.13770276,2.150031662,2.162357165,2.174674052,2.186997737,2.199323123,2.212089183,2.224420152,2.223180536,2.221941272,2.22073625,2.21951838,2.21827821,2.21308923,2.213480183,2.211441008,2.211177929,2.210362986,2.209916356,2.201896625,,,
Mexico,36.31351115,36.19980967,36.08610818,35.9724067,35.85870521,35.74500373,35.63130225,35.51760076,35.40389928,35.29019779,35.17649631,35.10252116,35.028546,34.95457085,34.88059569,34.80662054,34.73264539,34.65867023,34.58469508,34.51071993,34.43674477,34.37373904,34.3107333,34.24772757,34.18472183,34.12171609,34.05599424,33.99026724,33.92474086,33.85889555,33.79305023,33.72720492,33.66187402,33.59591764,,
Marshall Islands,,52.22222222,52.22222222,52.22222222,52.22222222,52.22222222,52.22222222,52.22222222,52.22222222,52.22222222,52.22222222,52.22222222,52.22222222,52.22222222,52.22222222,52.22222222,52.22222222,52.22222222,52.22222222,52.22222222,52.22222222,52.22222222,52.22222222,52.22222222,52.22222222,52.22222222,52.22222222,52.22222222,52.22222222,52.22222222,52.22222222,52.22222222,52.22222222,52.22222222,,
Middle income,,,31.58258379,31.4765236,31.3739891,31.26795449,31.16191677,31.05587148,30.96407813,30.85817353,30.72128392,30.64285799,30.56518185,30.48342405,30.40598414,30.32618645,30.25115557,30.17371669,30.09613876,30.01980919,29.94210208,29.88162891,29.82138949,29.7625482,29.70267707,29.64039357,29.60169617,29.52650017,29.47791374,29.42594578,29.37676896,29.31809678,29.27046292,,,
North Macedonia,,,36.22139206,36.40051121,36.57963036,36.75874951,36.93786866,37.11698781,37.29610696,37.47522611,37.65434526,37.66567047,37.67699567,37.68832088,37.69964609,37.71097129,37.7222965,38.0327388,38.04415379,38.07065821,38.08207772,38.35146709,38.62085646,38.89024584,39.15963521,39.42902458,39.71728787,39.71015067,39.71015067,39.71015067,39.71015067,39.71015067,39.71015067,39.71015067,,
Mali,10.89666363,10.89666363,10.89666363,10.89666363,10.89666363,10.89666363,10.89666363,10.89666363,10.89666363,10.89666363,10.89666363,10.89666363,10.89666363,10.89666363,10.89666363,10.89666363,10.89666363,10.89666363,10.89666363,10.89666363,10.89666363,10.89666363,10.89666363,10.89666363,10.89666363,10.89666363,10.89666363,10.89666363,10.89666363,10.89666363,10.89666363,10.89666363,10.89666363,10.89666363,,
Malta,1.09375,1.09375,1.09375,1.09375,1.09375,1.09375,1.09375,1.09375,1.09375,1.09375,1.09375,1.09375,1.09375,1.09375,1.09375,1.09375,1.09375,1.09375,1.09375,1.09375,1.09375,1.09375,1.09375,1.09375,1.09375,1.09375,1.1875,1.3125,1.4375,1.4375,1.4375,1.4375,1.4375,1.4375,,
Myanmar,60.00930318,59.34364079,58.67797839,58.012316,57.34665361,56.68099122,56.01532882,55.34966643,54.68400404,54.01834165,53.35267925,52.82828748,52.30389571,51.77950393,51.26452511,50.74469665,50.21170673,49.68345728,49.17485114,48.65101944,48.12938187,47.68370555,47.25036515,46.81182091,46.36821216,45.92460342,45.50189957,45.06016086,44.61974874,44.17588479,43.73403098,43.29014663,42.84626228,42.40237792,,
"Middle East, North Africa, Afghanistan & Pakistan (excluding high income)",2.513678476,2.511881256,2.510084037,2.508286817,2.506489597,2.504692388,2.502895168,2.501097948,2.499300729,2.497503509,2.495706289,2.511091829,2.526477369,2.541910884,2.557301795,2.572687656,2.588058091,2.603441274,2.618827028,2.634869739,2.650261963,2.648485204,2.646708444,2.644982144,2.64320535,2.641428294,2.63740711,2.638166726,2.635607553,2.635284734,2.634259675,2.633703909,2.632999117,,,
Montenegro,,,,,,,,,,,,,,,,,55.50929368,57.00371747,58.49814126,59.99256506,61.48698885,61.48698885,61.48698885,61.48698885,61.48698885,61.48698885,61.48698885,61.48698885,61.48698885,61.48698885,61.48698885,61.48698885,61.48698885,61.48698885,,
Mongolia,9.274680548,9.26898727,9.263293991,9.257600712,9.251907434,9.246214155,9.240520876,9.234827597,9.229134319,9.22344104,9.217747761,9.212577928,9.207406751,9.159341159,9.155620805,9.150473846,9.12762336,9.122486789,9.117315129,9.112178302,9.108051793,9.107573137,9.106857774,9.106135944,9.105421354,9.104691498,9.103978705,9.103265913,9.102555458,9.101825131,9.099658488,9.09894466,9.09849696,9.091724059,,
Northern Mariana Islands,,72.70652174,72.34782609,71.98913043,71.63043478,71.27173913,70.91304348,70.55434783,70.19565217,69.83695652,69.47826087,69.12173913,68.76521739,68.40869565,68.05217391,67.69565217,67.33913043,66.9826087,66.62608696,66.26956522,65.91304348,65.55217391,65.19130435,64.83043478,64.46956522,64.10869565,52.95652174,52.95652174,52.95652174,52.95652174,52.95652174,52.95652174,52.95652174,52.95652174,,
Mozambique,55.16162669,54.88313538,54.60464407,54.32615275,54.04766144,53.76917012,53.49067881,53.21218749,52.93369618,52.65520486,52.37671355,52.09493375,51.81315395,51.53137414,51.24959434,50.96781454,50.68603474,50.40425494,50.12247514,49.84069534,49.55891554,49.2964114,49.03390727,48.77140314,48.50889901,48.24639487,47.8500089,47.56809685,47.33610723,47.00794781,46.72519647,46.41217312,46.11933111,45.81303492,,
Mauritania,0.461860871,0.456582905,0.451304938,0.446026972,0.440749006,0.435471039,0.430193073,0.424915106,0.41963714,0.414359173,0.409081207,0.403803241,0.398525274,0.393247308,0.387969341,0.382691375,0.377413408,0.372135442,0.366857476,0.361579509,0.356301543,0.351023576,0.34574561,0.340467643,0.335189677,0.32991171,0.324633744,0.319394586,0.314058407,0.308819249,0.30348307,0.298211604,0.292896963,0.287611138,,
Mauritius,20.23152709,20.27389163,20.31625616,20.35862069,20.40098522,20.44334975,20.48571429,20.52807882,20.57044335,20.61280788,20.65517241,20.48078818,20.30640394,20.1320197,19.95763547,19.78325123,19.608867,19.43448276,19.26009852,19.08571429,18.91133005,19.21482223,19.20580871,19.19679519,19.18778167,19.17876815,19.17376064,19.35403105,19.37406109,19.39409114,19.41412118,19.43415123,19.45418127,19.47421132,,
Malawi,37.14149342,36.69601188,36.25053034,35.80504879,35.35956725,34.9140857,34.46860416,34.02312261,33.57764107,33.13215952,32.68667798,32.24119644,31.79571489,31.35023335,30.9047518,30.45927026,30.01378871,29.56830717,29.12282563,28.67734408,28.23186254,27.78638099,27.34089945,26.8954179,26.44993636,26.00445482,25.55897327,25.11349173,24.66801018,24.22252864,23.77704709,23.33156555,22.88608401,22.44060246,,
Malaysia,62.75604931,62.47385482,62.19166033,61.90946583,61.62727134,61.34507685,61.06288236,60.78068787,60.49849338,60.21629889,59.9341044,59.70774616,59.48138792,59.25502968,59.02867144,58.80231319,58.57595495,58.34959671,58.12323847,57.89688023,57.67052199,57.98497641,58.29943083,58.61388525,58.92833967,59.2427941,58.78752093,58.63488054,58.48224015,58.32959976,58.17695937,58.02431898,57.87167859,57.7190382,,
North America,35.90279435,35.90618774,35.90958114,35.91297454,35.91636794,35.91976134,35.92315473,35.92654813,35.92994153,35.93333493,35.93086032,35.95681108,35.98276183,36.00871259,36.03466334,36.0606141,36.08656486,36.11251561,36.1673962,36.19336773,36.21933926,36.23224155,36.24514384,36.25804613,36.27094842,36.28385071,36.28166057,36.26305577,36.26101415,36.25897198,36.25693036,36.61244105,36.61037918,,,
Namibia,10.65137436,10.56512456,10.47887476,10.39262496,10.30637515,10.22012535,10.13387555,10.04762575,9.961375943,9.87512614,9.788876338,9.702625563,9.616374789,9.530124015,9.44387324,9.357622466,9.271371692,9.185120917,9.098870143,9.012619369,8.926368594,8.84011952,8.753870447,8.667621373,8.581372299,8.495123225,8.408871722,8.322620219,8.236368716,8.150117213,8.06386571,7.977614206,7.891362703,7.8051112,,
New Caledonia,45.4666302,45.50339168,45.54015317,45.57691466,45.61367615,45.65043764,45.68719912,45.72396061,45.7607221,45.79748359,45.83424508,45.84064551,45.84704595,45.85344639,45.85984683,45.86624726,45.8726477,45.87904814,45.88544858,45.89184902,45.89824945,45.89277899,45.88730853,45.88183807,45.87636761,45.87089716,45.8654267,45.85995624,45.85448578,45.84901532,45.84354486,45.8380744,45.83260394,45.82713348,,
Niger,1.535485908,1.486784558,1.438083208,1.389381858,1.340680508,1.291979158,1.243277808,1.194576459,1.145875109,1.097173759,1.048472409,1.038667403,1.028862398,1.019057393,1.009252388,0.999447383,0.989642378,0.979837373,0.970032368,0.960227362,0.950422357,0.940617352,0.930812347,0.921007342,0.911202337,0.901397332,0.891592327,0.881787321,0.871982316,0.862177311,0.852372306,0.842567301,0.832762296,0.822957291,,
Nigeria,29.1249053,28.94560097,28.76629665,28.58699233,28.407688,28.22838368,28.04907935,27.86977503,27.6904707,27.51116638,27.33186205,27.15255663,26.97325121,26.79394578,26.61464036,26.43533494,26.25602951,26.07672409,25.89741867,25.71811324,25.53880782,25.3595024,25.18019698,25.00089155,24.82158613,24.64228071,24.46297957,24.28368304,24.1043842,23.92508537,23.74578653,23.5664877,23.38718886,23.20789003,,
Nicaragua,53.1769985,52.34601961,51.51504072,50.68406182,49.85308293,49.02210404,48.19112515,47.36014625,46.52916736,45.69818847,44.86720957,43.86075287,42.85429616,41.84783945,40.84138275,39.83492604,38.82846934,37.82201263,36.81555592,35.80909922,34.80264251,34.33626392,33.86988532,33.40350673,32.93712814,32.47074954,31.63977065,30.80879176,29.97781286,29.14683397,28.31585508,27.48487618,26.65389729,25.8229184,,
Netherlands,10.22896919,10.27094194,10.31291469,10.35488744,10.39686019,10.43883294,10.48080569,10.52277844,10.56475118,10.60672393,10.64869668,10.69010664,10.73151659,10.77292654,10.81433649,10.85574645,10.8971564,10.93856635,10.9799763,11.03118885,11.07263564,11.02461447,10.97330961,10.93173048,10.88037993,10.83546184,10.86308286,10.89100089,10.91862192,10.94653995,10.97416097,11.00198099,11.02966736,11.05744283,,
Norway,33.21615139,33.21094939,33.20574739,33.20054539,33.19534339,33.19014138,33.18493938,33.17973738,33.17453538,33.16933338,33.16413138,33.16111969,33.158108,33.15509632,33.15208463,33.14907295,33.14606126,33.14304958,33.14003789,33.13702621,33.13401452,33.15537011,33.1767257,33.2090866,33.23181086,33.24564399,33.27109973,33.29453362,33.31726503,33.33990698,33.43535968,33.45814918,33.47956186,33.50097455,,
Nepal,39.66433566,39.74039161,39.81644755,39.8925035,39.96855944,40.04461538,40.12067133,40.19672727,40.27278322,40.34883916,40.32619463,40.45264737,40.5791001,40.70555284,40.83200558,40.95845832,41.08491106,41.21136379,41.33781653,41.46426927,41.59072201,41.59072201,41.59072201,41.59072201,41.59072201,41.59072201,41.59072201,41.59072201,41.59072201,41.59072201,41.59072201,41.59072201,41.59072201,41.59072201,,
Nauru,0,0,0,0,0,0,0,0,0,0,0,0,0,0,0,0,0,0,0,0,0,0,0,0,0,0,0,0,0,0,0,0,0,0,,
New Zealand,35.59405264,35.77565227,35.95725191,36.13885154,36.32045118,36.50205081,36.68365045,36.86525009,37.04684972,37.22844936,37.41004899,37.4091679,37.40828681,37.40740572,37.40652463,37.40564354,37.40476245,37.40388136,37.40300027,37.40211918,37.40123808,37.40009115,37.39894421,37.39779727,37.39665034,37.3955034,37.39603509,37.41160609,37.42793665,37.46731989,37.57012647,37.63065094,37.71936349,37.78928411,,
OECD members,32.27557072,32.28086299,32.35700563,32.37634848,32.38224533,32.38814219,32.39413155,32.40011182,32.40602818,32.41195368,32.40545668,32.42072988,32.43529084,32.4499793,32.46527996,32.48043452,32.49604673,32.51100029,32.53978885,32.55402383,32.56775183,32.60280065,32.6372579,32.6708347,32.70504367,32.74036925,32.75607696,32.7499715,32.75211638,32.75529446,32.75979095,32.92719796,32.94719456,,,
Oman,0.009693053,0.009693053,0.009693053,0.009693053,0.009693053,0.009693053,0.009693053,0.009693053,0.009693053,0.009693053,0.009693053,0.009693053,0.009693053,0.009693053,0.009693053,0.009693053,0.009693053,0.009693053,0.009693053,0.009693053,0.009693053,0.009693053,0.009693053,0.009693053,0.009693053,0.009693053,0.00904685,0.008723748,0.008400646,0.008077544,0.008077544,0.007862036,0.007790307,0.007622617,,
Other small states,20.83641303,20.89164469,25.8682564,25.92704649,26.67189889,26.73224112,26.79258336,26.85292559,26.91326782,26.97361005,27.03395228,27.10582295,27.17769362,27.2495643,27.49792353,27.57025847,29.01056251,29.15270742,29.29485233,29.43699724,29.57914215,29.65091347,29.71912175,29.67036195,29.7383024,29.80624284,29.8094975,29.95913859,29.9017889,29.90819081,29.91477459,29.92122487,29.92995366,,,
Pakistan,6.468957555,6.407270911,6.345584267,6.283897623,6.22221098,6.160524336,6.098837692,6.037151048,5.975464404,5.91377776,5.852091117,5.797928342,5.743765567,5.689602792,5.635440017,5.581277242,5.527114467,5.472951692,5.418788917,5.364626142,5.310463367,5.268659195,5.226855023,5.185050851,5.143246679,5.101442507,5.017953508,4.99418846,4.940561436,4.886934413,4.833307389,4.779680365,4.726053342,4.672426318,,
Panama,61.97740113,61.7550982,61.53279526,61.31049233,61.0881894,60.86588647,60.64358354,60.4212806,60.19897767,59.97667474,59.75437181,59.60082055,59.4472693,59.29371805,59.1401668,58.98661555,58.8330643,58.67951305,58.5259618,58.37241055,58.2188593,58.06529459,57.91172989,57.75816519,57.77558014,57.62155963,57.46762008,57.3135456,57.11337288,56.95942303,56.80560798,56.65170262,56.49785791,56.34397277,,
Peru,59.72542188,59.63552266,59.54562344,59.45572422,59.365825,59.27592578,59.18602656,59.09612734,59.00622813,58.91632891,58.82642969,58.72892734,58.631425,58.53392266,58.43642031,58.33891797,58.24141563,58.14391328,58.04641094,57.94890859,57.85140625,57.71777031,57.58413438,57.45049844,57.3168625,57.18322656,57.03928125,56.90217188,56.77815625,56.643125,56.50810156,56.37307289,56.23804773,56.10302023,,
Philippines,26.08850656,25.93102928,25.773552,25.61607472,25.45859744,25.30112017,25.14364289,24.98616561,24.82868833,24.67121105,24.51373378,24.35625985,24.19878593,24.041312,23.88383808,23.72636415,23.56889023,23.41141631,23.25394238,23.09646846,22.93899453,23.0559949,23.17299527,23.28999564,23.40699601,23.52399638,23.64101016,23.75802395,23.87500419,23.99201798,24.10903176,24.22604554,24.34305933,24.46007311,,
Palau,,83.24565217,83.55652174,83.8673913,84.17826087,84.48913043,84.8,85.11086957,85.42173913,85.7326087,86.04347826,86.25652174,86.46956522,86.6826087,86.89565217,87.10869565,87.32173913,87.53478261,87.74782609,87.96086957,88.17391304,88.36086957,88.54782609,88.73478261,88.92173913,89.10869565,89.30434783,89.47826087,89.67391304,89.84782609,90.02173913,90.19565217,90.36956522,90.54347826,,
Papua New Guinea,80.37733516,80.35045842,80.32358168,80.29670516,80.26982842,80.24295168,80.21607517,80.18919843,80.16232169,80.13544495,80.10856843,80.08668948,80.06481054,80.04293159,80.02105264,79.9991737,79.97729475,79.9554158,79.93353685,79.91165791,79.88977896,79.82156163,79.7533443,79.68512719,79.61690986,79.54869253,79.47241973,79.39837919,79.32433865,79.25029811,79.17625756,79.10221702,79.02817648,78.95413594,,
Poland,28.9986614,29.05644977,29.11423814,29.17202651,29.22981488,29.28760325,29.34539162,29.40317999,29.46096836,29.51875673,29.5765451,29.66469686,29.75284861,29.84587252,29.92524402,30.01338426,30.10250718,30.1906503,30.28077049,30.37090244,30.45905707,30.52346276,30.58389393,30.64432906,30.70577093,30.76521114,30.81420033,30.85339168,30.89460104,30.93985822,30.9770359,31.01927475,31.05949231,31.08041924,,
Pre-demographic dividend,33.16087055,33.01177471,32.86267887,32.59197692,32.44354989,32.29512285,32.14669581,31.99826877,31.84984174,31.7014147,31.55298766,31.39329229,31.23359691,31.07390153,30.87952263,30.71993278,30.56045349,30.4008887,30.24133068,30.08694685,29.9262185,29.73626887,27.23376228,27.05931848,26.8845972,26.70978931,26.52740014,26.34909819,26.17262457,25.99114232,25.81166597,25.6308376,25.4508767,,,
Puerto Rico (US),36.11386697,37.34069899,38.567531,39.79436302,41.02119504,42.24802706,43.47485908,44.70169109,45.92852311,47.15535513,48.38218715,49.08455468,49.78692221,50.48928974,51.19165727,51.8940248,52.59639233,53.29875986,54.0011274,54.70349493,55.40586246,55.46065389,55.51544532,55.57023675,55.62502818,55.67981962,55.73506201,55.7903044,55.84554679,55.90078918,55.95603157,56.01127396,56.06651635,56.12175874,,
"Korea, Dem. People's Rep.",57.40411926,57.02430031,56.64448136,56.2646624,55.88484345,55.5050245,55.12520555,54.7453866,54.36556764,53.98574869,53.60592974,53.42961548,53.25330122,53.07698696,52.9006727,52.72435844,52.54804418,52.37172992,52.19541566,52.0191014,51.84278714,51.66647288,51.49015862,51.31384437,51.13753011,50.96121585,50.78481854,50.61041442,50.4360103,50.25330122,50.0788971,49.90449298,49.73008886,49.55070177,,
Portugal,37.14754098,37.01857923,36.88961749,36.76065574,36.63169399,36.50273224,36.37377049,36.24480874,36.11584699,35.98688525,35.8579235,35.82622951,35.79453552,35.76284153,35.73114754,35.71116213,35.67945775,35.64775336,35.61604898,35.53772246,35.50605961,35.63707828,35.76809695,35.8931589,36.02399853,36.15499489,36.15499489,36.15499489,36.15499489,36.15499489,36.15499489,36.15499489,36.15499489,36.15499489,,
Paraguay,64.298666,63.65577397,63.01288195,62.36998993,61.72709791,61.08420589,60.44131387,59.79842185,59.15552983,58.51263781,57.86974578,57.00857287,56.14739995,55.28622703,54.42505412,53.5638812,52.70270828,51.84153536,50.98036245,50.11918953,49.25801661,48.21534357,47.17267053,46.12999748,45.08732444,44.0446514,43.62730934,42.63848477,41.93538887,41.23231815,40.52922225,39.82614322,39.25029356,38.54492526,,
West Bank and Gaza,1.508305648,1.508305648,1.508305648,1.508305648,1.508305648,1.508305648,1.508305648,1.508305648,1.508305648,1.508305648,1.508305648,1.522757475,1.537209302,1.55166113,1.566112957,1.580564784,1.595016611,1.609468439,1.623920266,1.638372093,1.65282392,1.659136213,1.665448505,1.671760797,1.67807309,1.684385382,1.684385382,1.684385382,1.684385382,1.684385382,1.684385382,1.682987552,1.682987552,1.682987552,,
Pacific island small states,65.44957047,65.90227414,65.99006231,66.07785047,66.16563863,66.25342679,66.34121495,66.42900312,66.51679128,66.60457944,66.6923676,66.7794081,66.8664486,66.9534891,67.0405296,67.12757009,67.21461059,67.30165109,67.38869159,67.47573209,67.56277259,67.64959502,67.73641745,67.82323988,67.91006231,67.99688474,68.08395639,68.22400624,68.31114575,68.39812938,68.48511302,68.57209665,68.65908028,,,
Post-demographic dividend,31.62869461,31.64671821,31.46048953,31.48688718,31.50686485,31.52683854,31.5468478,31.56690249,31.58698455,31.60697391,31.61381415,31.63802667,31.66433628,31.68781839,31.71214948,31.73626147,31.76080124,31.78470111,31.82386873,31.84695842,31.86945616,31.90901964,31.94863865,31.99062574,32.02989424,32.07017885,32.0986303,32.09426546,32.09872404,32.1037736,32.11036129,32.29796044,32.30367874,,,
French Polynesia,39.46174863,39.57431694,39.68688525,39.79945355,39.91202186,40.02459016,40.13715847,40.24972678,40.36229508,40.47486339,42.79746471,42.82368194,42.84989916,42.87611639,42.90233362,42.92855085,42.95476808,42.98098531,43.00720254,43.03341976,43.05963699,43.05963699,43.05963699,43.05963699,43.05963699,43.05963699,43.05963699,43.05963699,43.05963699,43.05963699,43.05963699,43.05963699,43.05963699,43.05963699,,
Qatar,0,0,0,0,0,0,0,0,0,0,0,0,0,0,0,0,0,0,0,0,0,0,0,0,0,0,0,0,0,0,0,0,0,0,,
Romania,27.77850447,27.7630088,27.76082977,27.75865075,27.75042482,27.75066452,27.74485884,27.7414717,27.73204408,27.72865854,27.7132036,27.778068,27.82355244,27.87866928,27.9373913,28.0046091,28.06939734,28.14519988,28.20878643,28.25393376,28.31993045,28.64053526,28.99480045,29.32911359,29.65824061,29.99374131,30.11582928,30.11582928,30.11582928,30.11582928,30.11582928,30.11582928,30.11582928,30.11582928,,
Russian Federation,,,49.36034704,49.37364779,49.39021068,49.40105187,49.40426402,49.40412793,49.39808074,49.37829247,49.40184991,49.44038194,49.47468949,49.51038522,49.54544561,49.58077733,49.6276507,49.66347433,49.70193816,49.73776369,49.77358921,49.77108397,49.76857873,49.76607349,49.76356825,49.76106301,49.77269771,49.7843605,49.7843605,49.7843605,49.7843605,49.7843605,49.7843605,49.7843605,,
Rwanda,12.84961492,12.72800973,12.60640454,12.48479935,12.36319416,12.24158897,12.11998379,11.9983786,11.87677341,11.75516822,11.63356303,11.54438589,11.45520876,11.36603162,11.27685448,11.18767734,11.0985002,11.00932306,10.92014593,10.83096879,10.74179165,10.78232671,10.82286178,10.86339684,10.9039319,10.94446696,11.02553709,11.06607215,11.10660722,11.14714228,11.18767734,11.2282124,11.26874747,11.30928253,,
South Asia,22.76104983,22.87061556,22.9801813,23.08974704,23.24726759,23.35705981,23.46685206,23.57664427,23.68643649,23.79622871,23.90352292,23.96594303,24.02836314,24.09078325,24.16534548,24.22779696,24.29024845,24.35269994,24.41515142,24.47760288,24.54005437,24.62142918,24.70280399,24.7841788,24.86555361,24.95301791,25.03205662,25.11129661,25.19078498,25.27002221,25.34929684,25.42853771,25.50777858,,,
Saudi Arabia,0.454484135,0.454484135,0.454484135,0.454484135,0.454484135,0.454484135,0.454484135,0.454484135,0.454484135,0.454484135,0.454484135,0.454484135,0.454484135,0.454484135,0.454484135,0.454484135,0.454484135,0.454484135,0.454484135,0.454484135,0.454484135,0.454484135,0.454484135,0.454484135,0.454484135,0.454484135,0.454484135,0.454484135,0.454484135,0.454484135,0.454484135,0.454484135,0.454484135,0.454484135,,
Sudan,,,,,,,,,,,,,,,,,,,,,,,10.56352998,10.47024946,10.37696895,10.28368844,10.19710385,10.10494111,10.01284797,9.920770878,9.82869379,9.73608137,9.644004283,9.551964668,,
Senegal,48.32057342,48.08684361,47.8531138,47.61938399,47.38565418,47.15192438,46.91819457,46.68446476,46.45073495,46.21700514,45.98327533,45.7833065,45.58333766,45.38336883,45.18339999,44.98343115,44.78346232,44.58349348,44.38352465,44.18355581,43.98358697,43.77582714,43.56806731,43.36030748,43.15254765,42.94478783,42.737028,42.52926817,42.32150834,42.11374851,41.90598868,41.69822885,41.49046902,41.28270919,,
Singapore,22.12970149,22.4561194,22.78238806,23.10880597,23.43507463,23.76149254,24.08791045,24.4141791,24.74059701,25.06686567,25.39328358,25.50164179,25.42044444,25.08224163,25.1149492,25.22046444,25.14351585,25.21194245,25.13571429,25.23957143,25.27122507,24.83892045,24.40906516,24.0155587,23.58984485,23.23187588,22.9696756,22.62640449,22.31092437,21.9972067,21.68523677,21.43454039,21.18384401,20.93314763,,
Solomon Islands,90.92211504,90.89599857,90.8698821,90.84376563,90.81764916,90.79153269,90.76541622,90.73929975,90.71318328,90.68706681,90.66095034,90.63479814,90.60864594,90.58249375,90.55634155,90.53018935,90.50403716,90.47788496,90.45173276,90.42558056,90.39942837,90.37327617,90.34712397,90.32097178,90.29481958,90.26866738,90.24258664,90.21650589,90.19042515,90.16434441,90.13826367,90.11218292,90.08610218,90.06002144,,
Sierra Leone,43.31809365,43.0447908,42.77148795,42.49818509,42.22488224,41.95157938,41.67827653,41.40497368,41.13167082,40.85836797,40.58506511,40.31176226,40.03845941,39.76515655,39.4918537,39.21855085,38.94524799,38.67194514,38.39864228,38.12533943,37.85203658,37.57874758,37.30545858,37.03216958,36.75888058,36.48559158,36.21224716,35.93890274,35.66555833,35.39221391,35.11886949,34.84552508,34.57218066,34.29883624,,
El Salvador,34.69498069,34.47779923,34.26061776,34.04343629,33.82625483,33.60907336,33.39189189,33.17471042,32.95752896,32.74034749,32.52316602,32.30598456,32.08880309,31.87162162,31.65444015,31.43725869,31.22007722,31.00289575,30.78571429,30.56853282,30.35135135,30.13416988,29.91698842,29.69980695,29.48262548,29.26544402,29.04826255,28.83108108,28.61389961,28.39671815,28.17953668,27.96235521,27.74517375,27.52799228,,
San Marino,16.66666667,16.66666667,16.66666667,16.66666667,16.66666667,16.66666667,16.66666667,16.66666667,16.66666667,16.66666667,16.66666667,16.66666667,16.66666667,16.66666667,16.66666667,16.66666667,16.66666667,16.66666667,16.66666667,16.66666667,16.66666667,16.66666667,16.66666667,16.66666667,16.66666667,16.66666667,16.66666667,16.66666667,16.66666667,16.66666667,16.66666667,16.66666667,16.66666667,16.66666667,,
"Somalia, Fed. Rep.",13.20256958,13.08022763,12.95788568,12.83554372,12.71320177,12.59085982,12.46851787,12.34617592,12.22383397,12.10149201,11.97915006,11.85680811,11.73446616,11.61212421,11.48978226,11.3674403,11.24509835,11.1227564,11.00041445,10.8780725,10.75573054,10.63338859,10.51104664,10.38870469,10.26636274,10.14402079,10.02167883,9.899336883,9.776994931,9.654652979,9.532311028,9.409969076,9.287627124,9.165285172,,
Serbia,,,,,,,,,,,,,,,,,29.86279442,30.15206952,30.44134461,30.73061971,31.01989481,31.03482735,31.04975989,31.06469243,31.07962497,31.09455751,31.10198948,31.12119826,31.12279899,31.12531443,32.37780949,32.38125818,32.38581639,32.38963491,,
Sub-Saharan Africa (excluding high income),33.90254316,33.75247809,33.60241302,33.34177462,33.19230223,33.04282985,32.89335746,32.74388508,32.5944127,32.44494031,32.29546793,32.1369323,31.97839667,31.81986103,31.63009895,31.47165335,31.31330732,31.15488427,30.99646731,30.83807021,30.67862335,30.49725438,28.1679883,27.99924937,27.83049199,27.6616546,27.48848569,27.31892199,27.14948213,26.97556872,26.80344249,26.63010088,26.45753698,,,
South Sudan,,,,,,,,,,,,,,,,,,,,,,,11.32562151,11.32562151,11.32562151,11.32562151,11.32562151,11.32562151,11.32562151,11.32562151,11.32562151,11.32562151,11.32562151,11.32562151,,
Sub-Saharan Africa,33.90344209,33.75338045,33.6033188,32.6693181,32.52344911,32.37758012,32.23171113,32.08584215,31.93997316,31.79410417,31.64823518,31.49372982,31.33922446,31.1847191,30.81467035,30.66117342,30.50775288,30.35425492,30.20087706,30.04739975,29.89300682,29.7178013,27.57710916,27.41329976,27.24950018,27.08558591,26.91752301,26.75292311,26.5884255,26.41966462,26.2526156,26.08441026,25.91694579,,,
Small states,65.85106807,65.87823423,65.07995303,65.07877796,65.69907072,65.69788443,65.69669814,65.69551185,65.69432556,65.69313927,65.69195298,65.70379658,65.71564017,65.72748377,65.89229923,65.90417039,65.72604862,65.7649863,65.80392399,65.84286167,65.88179936,65.87216712,65.85958368,65.75060777,65.73804276,65.72547774,65.689323,65.7539085,65.66731057,65.63237273,65.59754335,65.56263696,65.5295634,,,
Sao Tome and Principe,61.0625,61.03541667,61.00833333,60.98125,60.95416667,60.92708333,60.9,60.87291667,60.84583333,60.81875,60.79166667,60.76458333,60.7375,60.71041667,60.68333333,60.65625,60.62916667,60.60208333,60.575,60.54791667,60.52083333,59.875,59.22916667,58.58333333,57.9375,57.29166667,56.64583333,56,55.35416667,54.70833333,54.0625,53.41666667,52.77083333,52.125,,
Suriname,95.80623623,95.78333389,95.76043155,95.73752921,95.71462686,95.69172452,95.66882218,95.64591984,95.6230175,95.60011516,95.57721282,95.55166263,95.52611244,95.50056225,95.47501206,95.44946187,95.42391168,95.39836149,95.3728113,95.3472611,95.32171091,95.26166392,95.20161692,95.14156992,95.08152293,95.02147593,94.95076277,94.90528206,94.82902399,94.75270363,94.67644556,94.60014575,94.52387398,94.44758351,,
Slovak Republic,,,,39.54592516,39.54370062,39.54147609,39.53925156,39.53702703,39.53480249,39.53257796,39.53035343,39.56465696,39.5989605,39.62502598,39.66756757,39.7018711,39.73617464,39.77047817,39.8047817,39.84736952,39.88085089,39.8993096,39.91528032,39.93125104,39.95386855,39.96817936,40.00353577,40.05615641,40.05615641,40.05615641,40.05615641,40.05615641,40.05615641,40.05615641,,
Slovenia,,,59.43396226,59.65739821,59.88083416,60.10427011,60.32770606,60.55114201,60.77457795,60.9980139,61.22144985,61.29096326,61.36047666,61.42999007,61.49950348,61.56901688,61.63853029,61.70804369,61.75854504,61.82926466,61.89752906,61.90807108,61.91892066,61.94637537,61.95630586,61.95823776,61.85929898,61.7699783,61.67438072,61.57307165,61.47225919,61.371114,61.27019229,61.17489384,,
Sweden,68.89335854,68.91790808,68.94245761,68.96700714,68.99155668,69.01610621,69.04065575,69.06520528,69.08975482,69.11430435,69.13885389,69.1167593,69.09466472,69.07257014,69.05047556,69.02838098,69.0062864,68.98419182,68.96209724,68.94000266,68.91790808,68.87224594,68.82658381,68.78092167,68.73525954,68.69449814,68.69449814,68.69449814,68.69449814,68.69966608,68.69966608,68.69966608,68.69966608,68.70135291,,
Eswatini,26.81046512,26.88104651,26.95162791,27.0222093,27.0927907,27.16337209,27.23395349,27.30453488,27.37511628,27.44569767,27.51627907,27.5869186,27.65755814,27.72819767,27.79883721,27.86947674,27.94011628,28.01075581,28.08139535,28.15203488,28.22267442,28.29325581,28.36383721,28.4344186,28.505,28.5755814,28.64651163,28.71686047,28.7872093,28.85755814,28.92790698,28.99825581,29.06860465,29.13895349,,
Sint Maarten (Dutch part),,,,,,,,,,,,,,,,,,,,,,10.88235294,10.88235294,10.88235294,10.88235294,10.88235294,10.88235294,10.88235294,10.88235294,10.88235294,10.88235294,10.88235294,10.88235294,10.88235294,,
Seychelles,73.26086957,73.26086957,73.26086957,73.26086957,73.26086957,73.26086957,73.26086957,73.26086957,73.26086957,73.26086957,73.26086957,73.26086957,73.26086957,73.26086957,73.26086957,73.26086957,73.26086957,73.26086957,73.26086957,73.26086957,73.26086957,73.26086957,73.26086957,73.26086957,73.26086957,73.26086957,73.26086957,73.26086957,73.26086957,73.26086957,73.26086957,73.26086957,73.26086957,73.26086957,,
Syrian Arab Republic,2.024594624,2.057242355,2.089890086,2.122537817,2.155185548,2.187833279,2.22048101,2.253128741,2.285776472,2.318424203,2.351071934,2.383719665,2.416367396,2.451549649,2.484501825,2.517186904,2.549038828,2.581572642,2.614245262,2.646917883,2.679736427,2.712410826,2.745085226,2.777759625,2.810434025,2.843108425,2.843108425,2.843108425,2.843108425,2.843108425,2.843108425,2.843108425,2.842672766,2.843108425,,
Turks and Caicos Islands,11.07368421,11.07368421,11.07368421,11.07368421,11.07368421,11.07368421,11.07368421,11.07368421,11.07368421,11.07368421,11.07368421,11.07368421,11.07368421,11.07368421,11.07368421,11.07368421,11.07368421,11.07368421,11.07368421,11.07368421,11.07368421,11.07368421,11.07368421,11.07368421,11.07368421,11.07368421,11.07368421,11.07368421,11.07368421,11.07368421,11.07368421,11.07368421,11.07368421,11.07368421,,
Chad,5.344663278,5.314723634,5.28478399,5.254844346,5.224904701,5.194965057,5.165025413,5.135085769,5.105146125,5.07520648,5.045266836,4.979907878,4.91454892,4.849189962,4.783831004,4.718472046,4.653113088,4.58775413,4.522395172,4.457036213,4.391677255,4.290025413,4.188373571,4.086721728,3.985069886,3.883418043,3.787325286,3.693614994,3.601493011,3.511753494,3.425190597,3.336509927,3.249241105,3.161031051,,
East Asia & Pacific (IDA & IBRD countries),28.90270838,28.89516425,28.88303873,28.87091322,28.8587877,28.84668043,28.83457316,28.82244762,28.81032208,28.79819655,28.69255001,28.81369561,28.93587196,29.04466913,29.16647707,29.282625,29.39803619,29.51948562,29.64053141,29.76170757,29.88220813,29.91883636,29.95536374,29.99293361,30.02883636,30.06539889,30.19550188,30.19776619,30.24748009,30.29716009,30.34642794,30.36733345,30.41697234,,,
Europe & Central Asia (IDA & IBRD countries),,,38.72126474,38.73681562,38.75423123,38.76854601,38.77836191,38.78644025,38.79148648,38.78915784,38.79264084,38.83147414,38.87068769,38.90776333,38.94433508,38.98142165,38.99962352,39.03901878,39.07958961,39.11853484,39.15767412,39.17204732,39.18670524,39.20104103,39.21729459,39.22343781,39.24216668,39.26165445,39.27415587,39.28694625,39.30512664,39.31768473,39.33038968,,,
Togo,25.03511675,24.86376908,24.6924214,24.52107373,24.34972605,24.17837838,24.0070307,23.83568303,23.66433536,23.49298768,23.32164001,23.26722927,23.21281853,23.1584078,23.10399706,23.04958632,22.99517558,22.94076485,22.88635411,22.83194337,22.77753263,22.72311087,22.6686891,22.61426733,22.55984556,22.50542379,22.45100202,22.39658025,22.34215849,22.28773672,22.23331495,22.17889318,22.12447141,22.07004964,,
Thailand,37.8966118,37.82555932,37.75450684,37.68345436,37.61240189,37.54134941,37.47029693,37.39924446,37.32819198,37.2571395,37.18608702,37.39650414,37.60692126,37.81733837,38.02775549,38.2381726,38.44858972,38.65900683,38.86942395,39.07984106,39.29025818,39.28556049,39.28086281,39.27616512,39.27146744,39.26676975,39.18064554,39.11018027,39.03971501,38.96924974,38.89878447,38.82831921,38.75785394,38.68738867,,
Tajikistan,,,2.917976565,2.919405544,2.920834524,2.922263504,2.923692484,2.925121463,2.926550443,2.927979423,2.929408402,2.929408402,2.929408402,2.929408402,2.929408402,2.929408402,2.929408402,2.929408402,2.929408402,2.929408402,2.929408402,2.946270363,2.963132324,2.979994284,3.022206851,3.039123856,3.039123856,3.039123856,3.039123856,3.046328986,3.053534116,3.060739246,3.067944376,3.075149506,,
Turkmenistan,,,8.782159045,8.782159045,8.782159045,8.782159045,8.782159045,8.782159045,8.782159045,8.782159045,8.782159045,8.782159045,8.782159045,8.782159045,8.782159045,8.782159045,8.782159045,8.782159045,8.782159045,8.782159045,8.782159045,8.782159045,8.782159045,8.782159045,8.782159045,8.782159045,8.782159045,8.782159045,8.782159045,8.782159045,8.782159045,8.782159045,8.782159045,8.782159045,,
Latin America & the Caribbean (IDA & IBRD countries),53.49263981,53.21690279,52.94116577,52.66542875,52.38969173,52.11395471,51.83821769,51.56248067,51.36007455,51.08394327,50.807812,50.5273265,50.24684099,49.96635549,49.68586999,49.40538449,49.12489898,48.84441348,48.56392798,48.28344248,48.00295698,47.85519837,47.70743977,47.55968117,47.41244624,47.264686,47.11263726,46.93879756,46.82221163,46.6967593,46.57707537,46.45337035,46.3353422,,,
Timor-Leste,64.76798924,64.67383995,64.57969065,64.48554136,64.39139206,64.29724277,64.20309348,64.10894418,64.01479489,63.9206456,63.8264963,63.73234701,63.63819771,63.54404842,63.44989913,63.35574983,63.26160054,63.16745124,63.07330195,62.97915266,62.88500336,62.79085407,62.69670477,62.60255548,62.50840619,62.41425689,62.3201076,62.24613315,62.13180901,62.03765972,61.94351042,61.84936113,61.75521184,61.66106254,,
"Middle East, North Africa, Afghanistan & Pakistan (IDA & IBRD)",2.514280039,2.512481744,2.510683449,2.508885154,2.507086859,2.505288574,2.503490279,2.501691984,2.499893689,2.498095394,2.496297099,2.511683197,2.527069296,2.542503409,2.557894883,2.573281303,2.588652285,2.604036025,2.619422337,2.635466149,2.650858936,2.649077336,2.647295735,2.645564634,2.643782999,2.642001102,2.637977511,2.638737937,2.636177231,2.635854218,2.634828545,2.634273756,2.632999117,,,
Tonga,12.43055556,12.43055556,12.43055556,12.43055556,12.43055556,12.43055556,12.43055556,12.43055556,12.43055556,12.43055556,12.43055556,12.43055556,12.43055556,12.43055556,12.43055556,12.43055556,12.43055556,12.43055556,12.43055556,12.43055556,12.43055556,12.43055556,12.43055556,12.43055556,12.43055556,12.43055556,12.43055556,12.43055556,12.43055556,12.43055556,12.43055556,12.43055556,12.43055556,12.43055556,,
South Asia (IDA & IBRD),22.76104983,22.87061556,22.9801813,23.08974704,23.24726759,23.35705981,23.46685206,23.57664427,23.68643649,23.79622871,23.90352292,23.96594303,24.02836314,24.09078325,24.16534548,24.22779696,24.29024845,24.35269994,24.41515142,24.47760288,24.54005437,24.62142918,24.70280399,24.7841788,24.86555361,24.95301791,25.03205662,25.11129661,25.19078498,25.27002221,25.34929684,25.42853771,25.50777858,,,
Sub-Saharan Africa (IDA & IBRD countries),33.90344209,33.75338045,33.6033188,32.6693181,32.52344911,32.37758012,32.23171113,32.08584215,31.93997316,31.79410417,31.64823518,31.49372982,31.33922446,31.1847191,30.81467035,30.66117342,30.50775288,30.35425492,30.20087706,30.04739975,29.89300682,29.7178013,27.57710916,27.41329976,27.24950018,27.08558591,26.91752301,26.75292311,26.5884255,26.41966462,26.2526156,26.08441026,25.91694579,,,
Trinidad and Tobago,47.18518519,47.0797271,46.97426901,46.86881092,46.76335283,46.65789474,46.55243665,46.44697856,46.34152047,46.23606238,46.13060429,46.04795322,45.96530214,45.88265107,45.8,45.71734893,45.63469786,45.55204678,45.46939571,45.38674464,45.30409357,45.2214425,45.13879142,45.05614035,44.97348928,44.89083821,44.80896686,44.72709552,44.64522417,44.56335283,44.48148148,44.39961014,44.31773879,44.23586745,,
Tunisia,4.145062436,4.160428682,4.175794928,4.191161174,4.20652742,4.22189431,4.237260556,4.252626802,4.267993048,4.283359295,4.298725541,4.311328527,4.323931514,4.336534501,4.349137487,4.361740474,4.37434346,4.386946447,4.399549434,4.41215242,4.424755407,4.434603502,4.444451596,4.454299691,4.464147786,4.473995881,4.483843975,4.49369207,4.503540165,4.51338826,4.523236354,4.533084449,4.542932544,4.552780639,,
Turkiye,25.70518301,25.75259151,25.8,25.84740849,25.89481699,25.94222548,25.98963398,26.03704247,26.08445097,26.13185946,26.17926796,26.30071983,26.42217169,26.54362356,26.66507543,26.78652729,26.90797916,27.02943103,27.15088289,27.27233476,27.39378662,27.53599002,27.67819342,27.82039681,27.96260021,28.10480361,28.10480361,28.26352923,28.4660941,28.6687889,28.8714837,29.0741785,29.2768733,29.4795681,,
Tuvalu,33.33333333,33.33333333,33.33333333,33.33333333,33.33333333,33.33333333,33.33333333,33.33333333,33.33333333,33.33333333,33.33333333,33.33333333,33.33333333,33.33333333,33.33333333,33.33333333,33.33333333,33.33333333,33.33333333,33.33333333,33.33333333,33.33333333,33.33333333,33.33333333,33.33333333,33.33333333,33.33333333,33.33333333,33.33333333,33.33333333,33.33333333,33.33333333,33.33333333,33.33333333,,
Tanzania,64.78890269,64.36894333,63.94898397,63.52902461,63.10906525,62.68910589,62.26914653,61.84918718,61.42922782,61.00926846,60.5893091,60.16934974,59.74939038,59.32943102,58.90947166,58.48951231,58.06955295,57.64959359,57.22963423,56.80967487,56.38971551,55.96975389,55.54979228,55.12983066,54.70986904,54.28990743,53.76044254,53.23097765,52.70151276,52.17204787,51.64258298,51.11311809,50.58365319,50.0541883,,
Uganda,17.89434963,17.6878935,17.48143737,17.27498123,17.0685251,16.86206897,16.65561283,16.4491567,16.24270057,16.03624443,15.8297883,15.62332716,15.41686602,15.21040488,15.00394375,14.79748261,14.59102147,14.38456033,14.17809919,13.97163806,13.71643726,13.51071215,13.30498703,13.09926192,12.8935368,12.68781169,12.48209655,12.27638141,12.07066627,11.86490126,11.65918612,11.45343756,11.24771145,11.04197038,,
Ukraine,,,16.08906533,16.12980064,16.17053595,16.21127125,16.25200656,16.29274187,16.33347717,16.37421248,16.41494779,16.42150686,16.4283495,16.43490869,16.44146788,16.4468915,16.45401823,16.46142958,16.46827315,16.47483256,16.48139198,16.5190223,16.55665263,16.59428295,16.6327746,16.67040688,16.68249064,16.69428621,16.70348637,16.71384191,16.72419745,16.73455299,16.74490853,16.75526407,,
Upper middle income,,,31.07919818,30.96920192,30.85925411,30.74931041,30.63936235,30.52940363,30.43947581,30.32971106,30.17398775,30.1104187,30.04754719,29.97895891,29.91553797,29.85191173,29.7943483,29.73212971,29.66975647,29.60946116,29.54719838,29.51303553,29.4792612,29.44708858,29.41327546,29.3792941,29.37074747,29.31533639,29.29775069,29.2755433,29.2569268,29.22505407,29.2048911,,,
Uruguay,4.559478917,4.885727345,5.211975774,5.538224203,5.864472632,6.19072106,6.516969489,6.843217918,7.169466347,7.495714775,7.821963204,8.028968118,8.235973032,8.442977945,8.649982859,8.856987773,9.063992687,9.2709976,9.478002514,9.685007428,9.892012341,10.10764484,10.32327734,10.53890984,10.75454234,10.97017484,11.12444292,11.24442921,11.3644155,11.48440178,11.60438807,11.72437436,11.84436064,11.96434693,,
United States,33.02230821,33.03416545,33.04602269,33.05787993,33.06973718,33.08159442,33.09345166,33.1053089,33.11716614,33.12902338,33.13017359,33.18675561,33.24333764,33.29991967,33.35650169,33.41308372,33.46966575,33.52624777,33.6360635,33.69273522,33.74940694,33.77947006,33.80953318,33.8395963,33.86965942,33.89972254,33.89972254,33.86692641,33.86692641,33.86692641,33.86692641,33.86692641,33.86692641,33.86692641,,
Uzbekistan,,,6.186620592,6.283491772,6.380363188,6.477234603,6.574106018,6.670977433,6.767848613,6.864720028,6.792887044,6.882769419,6.971810301,7.061401955,7.150843518,7.239962694,7.328999426,7.415772827,7.50509144,7.594504123,7.6844723,7.777627355,7.869481413,7.961375803,8.053071555,8.055832955,8.139748656,8.198443898,8.257120614,8.316373665,8.373221378,8.431804617,8.49046413,8.549143311,,
St. Vincent and the Grenadines,70.61538462,70.87179487,71.12820513,71.38461538,71.64102564,71.8974359,72.15384615,72.41025641,72.66666667,72.92307692,73.17948718,73.17948718,73.17948718,73.17948718,73.17948718,73.17948718,73.17948718,73.17948718,73.17948718,73.17948718,73.17948718,73.17948718,73.17948718,73.17948718,73.17948718,73.17948718,73.17948718,73.17948718,73.17948718,73.17948718,73.17948718,73.17948718,73.17948718,73.17948718,,
"Venezuela, RB",58.98305085,58.65710561,58.33116037,58.00521512,57.67926988,57.35332464,57.0273794,56.70143416,56.37548892,56.04954368,55.72359844,55.5369877,55.35037696,55.16376623,54.97715549,54.79054475,54.60393402,54.41732328,54.23071254,54.04410181,53.85749107,53.67110708,53.48472309,53.2983391,53.1119551,52.92557111,52.76714472,52.63667593,52.53416473,52.45961113,52.41301514,52.34778074,52.29497194,52.23387937,,
British Virgin Islands,24.73333333,24.70666667,24.68,24.65333333,24.62666667,24.6,24.57333333,24.54666667,24.52,24.49333333,24.46666667,24.44666667,24.42666667,24.40666667,24.38666667,24.36666667,24.34666667,24.32666667,24.30666667,24.28666667,24.26666667,24.24,24.21333333,24.18666667,24.16,24.13333333,24.13333333,24.13333333,24.13333333,24.13333333,24.13333333,24.13333333,24.13333333,24.13333333,,
Virgin Islands (U.S.),70.11428571,68.95142857,67.78857143,66.62571429,65.46285714,64.3,63.13714286,61.97428571,60.81142857,59.64857143,58.48571429,57.90285714,57.32,56.73714286,56.15428571,55.57142857,54.98857143,54.40571429,53.82285714,53.24,52.65714286,53.07428571,53.49142857,53.90857143,54.32571429,54.74285714,55.17142857,55.6,56.02857143,56.45714286,56.88571429,57.31428571,57.74285714,58.17142857,,
Vietnam,28.80567759,29.54552828,30.28537897,31.02522965,31.76508034,32.50493103,33.24478171,33.9846324,34.72448309,35.46433377,37.88368803,38.39562827,38.97888263,39.55651305,40.07380269,40.23206974,40.75025496,41.29432617,41.7762219,42.29306629,42.73321545,43.16473232,43.57082471,44.06395211,44.44284889,44.87116404,45.87835488,45.99633698,46.23468154,46.47684165,46.71900175,46.96116186,47.20332196,47.44548207,,
Vanuatu,36.28383921,36.28383921,36.28383921,36.28383921,36.28383921,36.28383921,36.28383921,36.28383921,36.28383921,36.28383921,36.28383921,36.28383921,36.28383921,36.28383921,36.28383921,36.28383921,36.28383921,36.28383921,36.28383921,36.28383921,36.28383921,36.28383921,36.28383921,36.28383921,36.28383921,36.28383921,36.28383921,36.28383921,36.28383921,36.28383921,36.28383921,36.28383921,36.28383921,36.28383921,,
World,,,33.00585028,32.82293686,32.7655679,32.70593607,32.64564484,32.56745895,32.51374302,32.4516217,32.37375957,32.33443142,32.29535953,32.25392126,32.17721513,32.13694,32.09857816,32.0594408,32.02423708,31.98542881,31.94563258,31.91154108,31.47120894,31.43709651,31.40270442,31.36728522,31.33981578,31.28889856,31.25150013,31.21239648,31.17554108,31.17567713,31.14304108,,,
Samoa,62.23674912,62.0664311,61.89611307,61.72579505,61.55547703,61.38515901,61.21484099,61.04452297,60.87420495,60.70388693,60.5335689,60.36325088,60.19293286,60.02261484,59.85229682,59.6819788,59.51166078,59.34134276,59.17102473,59.00070671,58.83038869,58.65936396,58.48833922,58.31731449,58.14628975,57.97526502,57.80565371,58.67266187,58.5,58.32733813,58.15467626,57.98201439,57.80935252,57.63669065,,
Kosovo,,,,,,,,,,,,,,,,,,,,,,,,,,,,,,,,,,,,
"Yemen, Rep.",1.039831809,1.039831809,1.039831809,1.039831809,1.039831809,1.039831809,1.039831809,1.039831809,1.039831809,1.039831809,1.039831809,1.039831809,1.039831809,1.039831809,1.039831809,1.039831809,1.039831809,1.039831809,1.039831809,1.039831809,1.039831809,1.039831809,1.039831809,1.039831809,1.039831809,1.039831809,1.039831809,1.039831809,1.039831809,1.039831809,1.039831809,1.039831809,1.039831809,1.039831809,,
South Africa,14.95527125,14.92526523,14.89525921,14.8652532,14.83524718,14.80524116,14.77523514,14.74522913,14.71522311,14.68521709,14.65521107,14.62520505,14.59519904,14.56519302,14.535187,14.50518098,14.47517497,14.44516895,14.41516293,14.38515691,14.3551509,14.32514488,14.29513886,14.26513284,14.23512682,14.20512081,14.17511479,14.14510877,14.11510275,14.08509674,14.05509072,14.0250847,13.99507868,13.96507267,,
Zambia,63.77809763,63.72993987,63.68178211,63.63362434,63.58546658,63.53730882,63.48915105,63.44099329,63.39283552,63.34467776,63.29652,63.24836223,63.20020447,63.1520467,63.10388894,63.05573118,63.00757341,62.95941565,62.91125789,62.86310012,62.81494236,62.56180471,62.30866705,62.0555294,61.80239175,61.54925409,61.29595502,61.04288462,60.78970661,60.53651515,60.28333714,60.03015012,59.77696915,59.52378415,,
Zimbabwe,48.66661497,48.54752488,48.42843479,48.30934471,48.19025462,48.07116453,47.95207445,47.83298436,47.71389427,47.59480419,47.4757141,47.35662401,47.23753393,47.11844384,46.99935375,46.88026367,46.76117358,46.64208349,46.52299341,46.40390332,46.28481324,46.16572315,46.04663306,45.92754298,45.80845289,45.6893628,45.57027272,45.45118263,45.33209254,45.21300246,45.09391237,44.97482228,44.8557322,44.73664211,,